Test Path,Expected Result,Minisat Speed (ns),Simulated Result,Simulated Cycles,Cycles Busy,Cycles Idle,Num Nodes,Topology,Node Bandwidth,Number of Variables
tests/satlib/sat/uf20-0778.cnf,true,29208,true,79,1120,144,16,"Torus(4, 4)",100,20
tests/satlib/sat/uf20-0744.cnf,true,19125,true,50,328,472,16,"Torus(4, 4)",100,20
tests/satlib/sat/uf20-0750.cnf,true,17791,true,244,3747,157,16,"Torus(4, 4)",100,20
tests/satlib/sat/uf20-0988.cnf,true,20541,true,57,693,219,16,"Torus(4, 4)",100,20
tests/satlib/sat/uf20-0963.cnf,true,20333,true,67,326,746,16,"Torus(4, 4)",100,20
tests/satlib/sat/uf20-0977.cnf,true,33875,true,66,372,684,16,"Torus(4, 4)",100,20
tests/satlib/sat/uf20-0787.cnf,true,8916,true,47,479,273,16,"Torus(4, 4)",100,20
tests/satlib/sat/uf20-0793.cnf,true,6833,true,90,1252,188,16,"Torus(4, 4)",100,20
tests/satlib/sat/uf20-0208.cnf,true,8542,true,57,709,203,16,"Torus(4, 4)",100,20
tests/satlib/sat/uf20-0546.cnf,true,28541,true,64,769,255,16,"Torus(4, 4)",100,20
tests/satlib/sat/uf20-0220.cnf,true,26375,true,70,906,214,16,"Torus(4, 4)",100,20
tests/satlib/sat/uf20-0234.cnf,true,20417,true,61,663,313,16,"Torus(4, 4)",100,20
tests/satlib/sat/uf20-0552.cnf,true,27542,true,55,581,299,16,"Torus(4, 4)",100,20
tests/satlib/sat/uf20-0585.cnf,true,13166,true,62,672,320,16,"Torus(4, 4)",100,20
tests/satlib/sat/uf20-0591.cnf,true,32250,true,107,895,817,16,"Torus(4, 4)",100,20
tests/satlib/sat/uf20-0368.cnf,true,8625,true,53,653,195,16,"Torus(4, 4)",100,20
tests/satlib/sat/uf20-0432.cnf,true,10166,true,73,769,399,16,"Torus(4, 4)",100,20
tests/satlib/sat/uf20-0354.cnf,true,7791,true,61,365,611,16,"Torus(4, 4)",100,20
tests/satlib/sat/uf20-0340.cnf,true,16875,true,51,575,241,16,"Torus(4, 4)",100,20
tests/satlib/sat/uf20-0426.cnf,true,22083,true,94,1314,190,16,"Torus(4, 4)",100,20
tests/satlib/sat/uf20-0397.cnf,true,19125,true,48,488,280,16,"Torus(4, 4)",100,20
tests/satlib/sat/uf20-0383.cnf,true,13667,true,47,477,275,16,"Torus(4, 4)",100,20
tests/satlib/sat/uf20-0618.cnf,true,11500,true,70,545,575,16,"Torus(4, 4)",100,20
tests/satlib/sat/uf20-0156.cnf,true,9667,true,57,658,254,16,"Torus(4, 4)",100,20
tests/satlib/sat/uf20-0630.cnf,true,10750,true,80,1095,185,16,"Torus(4, 4)",100,20
tests/satlib/sat/uf20-0624.cnf,true,10833,true,63,644,364,16,"Torus(4, 4)",100,20
tests/satlib/sat/uf20-0142.cnf,true,16792,true,48,411,357,16,"Torus(4, 4)",100,20
tests/satlib/sat/uf20-0817.cnf,true,19292,true,66,580,476,16,"Torus(4, 4)",100,20
tests/satlib/sat/uf20-0803.cnf,true,17417,true,54,521,343,16,"Torus(4, 4)",100,20
tests/satlib/sat/uf20-0195.cnf,true,25708,true,169,2481,223,16,"Torus(4, 4)",100,20
tests/satlib/sat/uf20-035.cnf,true,18041,true,65,590,450,16,"Torus(4, 4)",100,20
tests/satlib/sat/uf20-021.cnf,true,21292,true,70,654,466,16,"Torus(4, 4)",100,20
tests/satlib/sat/uf20-0181.cnf,true,8916,true,81,942,354,16,"Torus(4, 4)",100,20
tests/satlib/sat/uf20-020.cnf,true,8125,true,66,830,226,16,"Torus(4, 4)",100,20
tests/satlib/sat/uf20-0180.cnf,true,22875,true,64,404,620,16,"Torus(4, 4)",100,20
tests/satlib/sat/uf20-0194.cnf,true,15625,true,51,433,383,16,"Torus(4, 4)",100,20
tests/satlib/sat/uf20-034.cnf,true,15500,true,52,545,287,16,"Torus(4, 4)",100,20
tests/satlib/sat/uf20-0802.cnf,true,17625,true,56,571,325,16,"Torus(4, 4)",100,20
tests/satlib/sat/uf20-0816.cnf,true,53584,true,57,642,270,16,"Torus(4, 4)",100,20
tests/satlib/sat/uf20-0625.cnf,true,17750,true,68,764,324,16,"Torus(4, 4)",100,20
tests/satlib/sat/uf20-0143.cnf,true,6125,true,52,594,238,16,"Torus(4, 4)",100,20
tests/satlib/sat/uf20-0157.cnf,true,7208,true,83,808,520,16,"Torus(4, 4)",100,20
tests/satlib/sat/uf20-0631.cnf,true,26792,true,216,3102,354,16,"Torus(4, 4)",100,20
tests/satlib/sat/uf20-0619.cnf,true,10292,true,54,644,220,16,"Torus(4, 4)",100,20
tests/satlib/sat/uf20-0382.cnf,true,8292,true,49,325,459,16,"Torus(4, 4)",100,20
tests/satlib/sat/uf20-0396.cnf,true,6042,true,82,1066,246,16,"Torus(4, 4)",100,20
tests/satlib/sat/uf20-0341.cnf,true,9000,true,58,611,317,16,"Torus(4, 4)",100,20
tests/satlib/sat/uf20-0427.cnf,true,12000,true,60,633,327,16,"Torus(4, 4)",100,20
tests/satlib/sat/uf20-0433.cnf,true,9584,true,73,1016,152,16,"Torus(4, 4)",100,20
tests/satlib/sat/uf20-0355.cnf,true,20459,true,79,674,590,16,"Torus(4, 4)",100,20
tests/satlib/sat/uf20-0369.cnf,true,15125,true,66,721,335,16,"Torus(4, 4)",100,20
tests/satlib/sat/uf20-0590.cnf,true,28792,true,57,424,488,16,"Torus(4, 4)",100,20
tests/satlib/sat/uf20-0584.cnf,true,30792,true,94,897,607,16,"Torus(4, 4)",100,20
tests/satlib/sat/uf20-0235.cnf,true,22084,true,61,737,239,16,"Torus(4, 4)",100,20
tests/satlib/sat/uf20-0553.cnf,true,14709,true,78,943,305,16,"Torus(4, 4)",100,20
tests/satlib/sat/uf20-0547.cnf,true,13666,true,69,826,278,16,"Torus(4, 4)",100,20
tests/satlib/sat/uf20-0221.cnf,true,21291,true,58,667,261,16,"Torus(4, 4)",100,20
tests/satlib/sat/uf20-0209.cnf,true,18084,true,63,607,401,16,"Torus(4, 4)",100,20
tests/satlib/sat/uf20-0792.cnf,true,7000,true,56,440,456,16,"Torus(4, 4)",100,20
tests/satlib/sat/uf20-0786.cnf,true,24125,true,58,712,216,16,"Torus(4, 4)",100,20
tests/satlib/sat/uf20-0976.cnf,true,17666,true,55,451,429,16,"Torus(4, 4)",100,20
tests/satlib/sat/uf20-0962.cnf,true,24083,true,82,612,700,16,"Torus(4, 4)",100,20
tests/satlib/sat/uf20-0989.cnf,true,8625,true,65,694,346,16,"Torus(4, 4)",100,20
tests/satlib/sat/uf20-0751.cnf,true,17833,true,60,779,181,16,"Torus(4, 4)",100,20
tests/satlib/sat/uf20-0745.cnf,true,14125,true,53,506,342,16,"Torus(4, 4)",100,20
tests/satlib/sat/uf20-0779.cnf,true,18084,true,53,437,411,16,"Torus(4, 4)",100,20
tests/satlib/sat/uf20-0753.cnf,true,14208,true,57,225,687,16,"Torus(4, 4)",100,20
tests/satlib/sat/uf20-0747.cnf,true,22917,true,58,622,306,16,"Torus(4, 4)",100,20
tests/satlib/sat/uf20-0974.cnf,true,22000,true,82,817,495,16,"Torus(4, 4)",100,20
tests/satlib/sat/uf20-0960.cnf,true,23459,true,149,2006,378,16,"Torus(4, 4)",100,20
tests/satlib/sat/uf20-0948.cnf,true,7791,true,58,523,405,16,"Torus(4, 4)",100,20
tests/satlib/sat/uf20-0790.cnf,true,17041,true,71,859,277,16,"Torus(4, 4)",100,20
tests/satlib/sat/uf20-0784.cnf,true,17416,true,51,422,394,16,"Torus(4, 4)",100,20
tests/satlib/sat/uf20-0579.cnf,true,19625,true,90,955,485,16,"Torus(4, 4)",100,20
tests/satlib/sat/uf20-0551.cnf,true,18000,true,65,692,348,16,"Torus(4, 4)",100,20
tests/satlib/sat/uf20-0237.cnf,true,24500,true,57,631,281,16,"Torus(4, 4)",100,20
tests/satlib/sat/uf20-0223.cnf,true,19959,true,139,1240,984,16,"Torus(4, 4)",100,20
tests/satlib/sat/uf20-0545.cnf,true,20834,true,131,788,1308,16,"Torus(4, 4)",100,20
tests/satlib/sat/uf20-0592.cnf,true,15042,true,73,893,275,16,"Torus(4, 4)",100,20
tests/satlib/sat/uf20-0586.cnf,true,8167,true,77,921,311,16,"Torus(4, 4)",100,20
tests/satlib/sat/uf20-0419.cnf,true,16917,true,83,1167,161,16,"Torus(4, 4)",100,20
tests/satlib/sat/uf20-0425.cnf,true,19916,true,54,258,606,16,"Torus(4, 4)",100,20
tests/satlib/sat/uf20-0343.cnf,true,23416,true,101,1348,268,16,"Torus(4, 4)",100,20
tests/satlib/sat/uf20-0357.cnf,true,12042,true,55,671,209,16,"Torus(4, 4)",100,20
tests/satlib/sat/uf20-0431.cnf,true,9042,true,60,799,161,16,"Torus(4, 4)",100,20
tests/satlib/sat/uf20-0380.cnf,true,6417,true,56,680,216,16,"Torus(4, 4)",100,20
tests/satlib/sat/uf20-0394.cnf,true,17417,true,65,392,648,16,"Torus(4, 4)",100,20
tests/satlib/sat/uf20-0169.cnf,true,13375,true,60,637,323,16,"Torus(4, 4)",100,20
tests/satlib/sat/uf20-0141.cnf,true,15291,true,89,734,690,16,"Torus(4, 4)",100,20
tests/satlib/sat/uf20-0627.cnf,true,26291,true,56,684,212,16,"Torus(4, 4)",100,20
tests/satlib/sat/uf20-0633.cnf,true,18291,true,55,622,258,16,"Torus(4, 4)",100,20
tests/satlib/sat/uf20-0155.cnf,true,12583,true,49,342,442,16,"Torus(4, 4)",100,20
tests/satlib/sat/uf20-0800.cnf,true,23166,true,153,2202,246,16,"Torus(4, 4)",100,20
tests/satlib/sat/uf20-0814.cnf,true,23666,true,95,798,722,16,"Torus(4, 4)",100,20
tests/satlib/sat/uf20-0182.cnf,true,7834,true,57,689,223,16,"Torus(4, 4)",100,20
tests/satlib/sat/uf20-022.cnf,true,6292,true,60,465,495,16,"Torus(4, 4)",100,20
tests/satlib/sat/uf20-036.cnf,true,15625,true,73,1007,161,16,"Torus(4, 4)",100,20
tests/satlib/sat/uf20-0828.cnf,true,18333,true,57,748,164,16,"Torus(4, 4)",100,20
tests/satlib/sat/uf20-0196.cnf,true,17083,true,59,694,250,16,"Torus(4, 4)",100,20
tests/satlib/sat/uf20-037.cnf,true,24875,true,72,514,638,16,"Torus(4, 4)",100,20
tests/satlib/sat/uf20-0829.cnf,true,13417,true,72,202,950,16,"Torus(4, 4)",100,20
tests/satlib/sat/uf20-0197.cnf,true,27083,true,172,1941,811,16,"Torus(4, 4)",100,20
tests/satlib/sat/uf20-0183.cnf,true,26500,true,60,770,190,16,"Torus(4, 4)",100,20
tests/satlib/sat/uf20-023.cnf,true,7875,true,53,570,278,16,"Torus(4, 4)",100,20
tests/satlib/sat/uf20-0815.cnf,true,13666,true,69,921,183,16,"Torus(4, 4)",100,20
tests/satlib/sat/uf20-0801.cnf,true,12083,true,58,584,344,16,"Torus(4, 4)",100,20
tests/satlib/sat/uf20-0632.cnf,true,5875,true,58,715,213,16,"Torus(4, 4)",100,20
tests/satlib/sat/uf20-0154.cnf,true,26125,true,121,1304,632,16,"Torus(4, 4)",100,20
tests/satlib/sat/uf20-0140.cnf,true,12250,true,63,651,357,16,"Torus(4, 4)",100,20
tests/satlib/sat/uf20-0626.cnf,true,15042,true,52,612,220,16,"Torus(4, 4)",100,20
tests/satlib/sat/uf20-0168.cnf,true,14459,true,59,407,537,16,"Torus(4, 4)",100,20
tests/satlib/sat/uf20-0395.cnf,true,6625,true,52,565,267,16,"Torus(4, 4)",100,20
tests/satlib/sat/uf20-0381.cnf,true,27250,true,94,1033,471,16,"Torus(4, 4)",100,20
tests/satlib/sat/uf20-0356.cnf,true,11792,true,125,1824,176,16,"Torus(4, 4)",100,20
tests/satlib/sat/uf20-0430.cnf,true,10292,true,51,539,277,16,"Torus(4, 4)",100,20
tests/satlib/sat/uf20-0424.cnf,true,23084,true,60,523,437,16,"Torus(4, 4)",100,20
tests/satlib/sat/uf20-0342.cnf,true,14583,true,54,711,153,16,"Torus(4, 4)",100,20
tests/satlib/sat/uf20-0418.cnf,true,7458,true,65,670,370,16,"Torus(4, 4)",100,20
tests/satlib/sat/uf20-0587.cnf,true,15875,true,62,667,325,16,"Torus(4, 4)",100,20
tests/satlib/sat/uf20-0593.cnf,true,14583,true,57,682,230,16,"Torus(4, 4)",100,20
tests/satlib/sat/uf20-0222.cnf,true,9750,true,58,297,631,16,"Torus(4, 4)",100,20
tests/satlib/sat/uf20-0544.cnf,true,10625,true,52,421,411,16,"Torus(4, 4)",100,20
tests/satlib/sat/uf20-0550.cnf,true,20791,true,317,4025,1047,16,"Torus(4, 4)",100,20
tests/satlib/sat/uf20-0236.cnf,true,28666,true,82,839,473,16,"Torus(4, 4)",100,20
tests/satlib/sat/uf20-0578.cnf,true,8292,true,62,650,342,16,"Torus(4, 4)",100,20
tests/satlib/sat/uf20-0785.cnf,true,5750,true,66,811,245,16,"Torus(4, 4)",100,20
tests/satlib/sat/uf20-0791.cnf,true,5708,true,64,225,799,16,"Torus(4, 4)",100,20
tests/satlib/sat/uf20-0949.cnf,true,19500,true,59,699,245,16,"Torus(4, 4)",100,20
tests/satlib/sat/uf20-0961.cnf,true,9458,true,48,492,276,16,"Torus(4, 4)",100,20
tests/satlib/sat/uf20-0975.cnf,true,28875,true,53,423,425,16,"Torus(4, 4)",100,20
tests/satlib/sat/uf20-0746.cnf,true,18167,true,57,483,429,16,"Torus(4, 4)",100,20
tests/satlib/sat/uf20-0752.cnf,true,15208,true,84,797,547,16,"Torus(4, 4)",100,20
tests/satlib/sat/uf20-0756.cnf,true,20291,true,53,680,168,16,"Torus(4, 4)",100,20
tests/satlib/sat/uf20-0742.cnf,true,9833,true,63,757,251,16,"Torus(4, 4)",100,20
tests/satlib/sat/uf20-0795.cnf,true,13250,true,60,772,188,16,"Torus(4, 4)",100,20
tests/satlib/sat/uf20-0959.cnf,true,9083,true,66,703,353,16,"Torus(4, 4)",100,20
tests/satlib/sat/uf20-0781.cnf,true,26084,true,62,721,271,16,"Torus(4, 4)",100,20
tests/satlib/sat/uf20-0971.cnf,true,40083,true,89,324,1100,16,"Torus(4, 4)",100,20
tests/satlib/sat/uf20-0965.cnf,true,15000,true,52,635,197,16,"Torus(4, 4)",100,20
tests/satlib/sat/uf20-0232.cnf,true,22584,true,79,632,632,16,"Torus(4, 4)",100,20
tests/satlib/sat/uf20-0554.cnf,true,15416,true,57,585,327,16,"Torus(4, 4)",100,20
tests/satlib/sat/uf20-0540.cnf,true,9709,true,68,809,279,16,"Torus(4, 4)",100,20
tests/satlib/sat/uf20-0226.cnf,true,11667,true,70,954,166,16,"Torus(4, 4)",100,20
tests/satlib/sat/uf20-0568.cnf,true,10625,true,52,591,241,16,"Torus(4, 4)",100,20
tests/satlib/sat/uf20-0597.cnf,true,25709,true,92,682,790,16,"Torus(4, 4)",100,20
tests/satlib/sat/uf20-0583.cnf,true,33542,true,52,443,389,16,"Torus(4, 4)",100,20
tests/satlib/sat/uf20-0346.cnf,true,6416,true,51,251,565,16,"Torus(4, 4)",100,20
tests/satlib/sat/uf20-0420.cnf,true,29250,true,94,771,733,16,"Torus(4, 4)",100,20
tests/satlib/sat/uf20-0434.cnf,true,9167,true,65,734,306,16,"Torus(4, 4)",100,20
tests/satlib/sat/uf20-0352.cnf,true,9917,true,72,937,215,16,"Torus(4, 4)",100,20
tests/satlib/sat/uf20-0408.cnf,true,21750,true,79,1039,225,16,"Torus(4, 4)",100,20
tests/satlib/sat/uf20-0385.cnf,true,23875,true,61,667,309,16,"Torus(4, 4)",100,20
tests/satlib/sat/uf20-0391.cnf,true,19834,true,57,621,291,16,"Torus(4, 4)",100,20
tests/satlib/sat/uf20-0622.cnf,true,9875,true,53,495,353,16,"Torus(4, 4)",100,20
tests/satlib/sat/uf20-0144.cnf,true,11917,true,47,444,308,16,"Torus(4, 4)",100,20
tests/satlib/sat/uf20-0150.cnf,true,5750,true,55,585,295,16,"Torus(4, 4)",100,20
tests/satlib/sat/uf20-0636.cnf,true,22000,true,65,661,379,16,"Torus(4, 4)",100,20
tests/satlib/sat/uf20-0178.cnf,true,12125,true,87,991,401,16,"Torus(4, 4)",100,20
tests/satlib/sat/uf20-027.cnf,true,14792,true,58,587,341,16,"Torus(4, 4)",100,20
tests/satlib/sat/uf20-0839.cnf,true,8750,true,71,846,290,16,"Torus(4, 4)",100,20
tests/satlib/sat/uf20-0187.cnf,true,8834,true,49,446,338,16,"Torus(4, 4)",100,20
tests/satlib/sat/uf20-0193.cnf,true,19041,true,66,784,272,16,"Torus(4, 4)",100,20
tests/satlib/sat/uf20-033.cnf,true,6291,true,54,489,375,16,"Torus(4, 4)",100,20
tests/satlib/sat/uf20-0805.cnf,true,8125,true,64,415,609,16,"Torus(4, 4)",100,20
tests/satlib/sat/uf20-0811.cnf,true,18125,true,68,621,467,16,"Torus(4, 4)",100,20
tests/satlib/sat/uf20-0810.cnf,true,14334,true,54,582,282,16,"Torus(4, 4)",100,20
tests/satlib/sat/uf20-0804.cnf,true,12208,true,57,563,349,16,"Torus(4, 4)",100,20
tests/satlib/sat/uf20-0192.cnf,true,19542,true,68,830,258,16,"Torus(4, 4)",100,20
tests/satlib/sat/uf20-032.cnf,true,16000,true,99,896,688,16,"Torus(4, 4)",100,20
tests/satlib/sat/uf20-026.cnf,true,20709,true,58,561,367,16,"Torus(4, 4)",100,20
tests/satlib/sat/uf20-0838.cnf,true,14292,true,50,389,411,16,"Torus(4, 4)",100,20
tests/satlib/sat/uf20-0186.cnf,true,11875,true,53,494,354,16,"Torus(4, 4)",100,20
tests/satlib/sat/uf20-0179.cnf,true,16500,true,89,1243,181,16,"Torus(4, 4)",100,20
tests/satlib/sat/uf20-0151.cnf,true,27208,true,58,569,359,16,"Torus(4, 4)",100,20
tests/satlib/sat/uf20-0637.cnf,true,17667,true,67,501,571,16,"Torus(4, 4)",100,20
tests/satlib/sat/uf20-0623.cnf,true,19750,true,62,797,195,16,"Torus(4, 4)",100,20
tests/satlib/sat/uf20-0145.cnf,true,15291,true,53,252,596,16,"Torus(4, 4)",100,20
tests/satlib/sat/uf20-0390.cnf,true,28375,true,53,606,242,16,"Torus(4, 4)",100,20
tests/satlib/sat/uf20-0384.cnf,true,27708,true,54,535,329,16,"Torus(4, 4)",100,20
tests/satlib/sat/uf20-0409.cnf,true,21125,true,72,624,528,16,"Torus(4, 4)",100,20
tests/satlib/sat/uf20-0435.cnf,true,23833,true,61,540,436,16,"Torus(4, 4)",100,20
tests/satlib/sat/uf20-0353.cnf,true,8542,true,56,393,503,16,"Torus(4, 4)",100,20
tests/satlib/sat/uf20-0347.cnf,true,23084,true,104,952,712,16,"Torus(4, 4)",100,20
tests/satlib/sat/uf20-0421.cnf,true,9375,true,54,625,239,16,"Torus(4, 4)",100,20
tests/satlib/sat/uf20-0582.cnf,true,23750,true,68,807,281,16,"Torus(4, 4)",100,20
tests/satlib/sat/uf20-0596.cnf,true,19250,true,98,609,959,16,"Torus(4, 4)",100,20
tests/satlib/sat/uf20-0569.cnf,true,9542,true,65,844,196,16,"Torus(4, 4)",100,20
tests/satlib/sat/uf20-0541.cnf,true,10833,true,52,438,394,16,"Torus(4, 4)",100,20
tests/satlib/sat/uf20-0227.cnf,true,8292,true,57,437,475,16,"Torus(4, 4)",100,20
tests/satlib/sat/uf20-0233.cnf,true,17875,true,170,2476,244,16,"Torus(4, 4)",100,20
tests/satlib/sat/uf20-0555.cnf,true,14709,true,55,389,491,16,"Torus(4, 4)",100,20
tests/satlib/sat/uf20-0964.cnf,true,15542,true,60,806,154,16,"Torus(4, 4)",100,20
tests/satlib/sat/uf20-0970.cnf,true,16292,true,56,636,260,16,"Torus(4, 4)",100,20
tests/satlib/sat/uf20-0780.cnf,true,9750,true,52,379,453,16,"Torus(4, 4)",100,20
tests/satlib/sat/uf20-0958.cnf,true,27166,true,71,922,214,16,"Torus(4, 4)",100,20
tests/satlib/sat/uf20-0794.cnf,true,19875,true,75,702,498,16,"Torus(4, 4)",100,20
tests/satlib/sat/uf20-0743.cnf,true,17208,true,89,1145,279,16,"Torus(4, 4)",100,20
tests/satlib/sat/uf20-0757.cnf,true,27708,true,136,1871,305,16,"Torus(4, 4)",100,20
tests/satlib/sat/uf20-0741.cnf,true,6292,true,74,808,376,16,"Torus(4, 4)",100,20
tests/satlib/sat/uf20-0999.cnf,true,10208,true,62,616,376,16,"Torus(4, 4)",100,20
tests/satlib/sat/uf20-0755.cnf,true,12833,true,61,226,750,16,"Torus(4, 4)",100,20
tests/satlib/sat/uf20-0769.cnf,true,9208,true,62,564,428,16,"Torus(4, 4)",100,20
tests/satlib/sat/uf20-0782.cnf,true,29792,true,102,1084,548,16,"Torus(4, 4)",100,20
tests/satlib/sat/uf20-0796.cnf,true,10875,true,112,1318,474,16,"Torus(4, 4)",100,20
tests/satlib/sat/uf20-0966.cnf,true,8042,true,58,651,277,16,"Torus(4, 4)",100,20
tests/satlib/sat/uf20-0972.cnf,true,16584,true,85,682,678,16,"Torus(4, 4)",100,20
tests/satlib/sat/uf20-0225.cnf,true,11791,true,77,999,233,16,"Torus(4, 4)",100,20
tests/satlib/sat/uf20-0543.cnf,true,11042,true,62,790,202,16,"Torus(4, 4)",100,20
tests/satlib/sat/uf20-0557.cnf,true,18500,true,61,617,359,16,"Torus(4, 4)",100,20
tests/satlib/sat/uf20-0231.cnf,true,17833,true,70,408,712,16,"Torus(4, 4)",100,20
tests/satlib/sat/uf20-0219.cnf,true,24584,true,69,542,562,16,"Torus(4, 4)",100,20
tests/satlib/sat/uf20-0580.cnf,true,14500,true,89,1237,187,16,"Torus(4, 4)",100,20
tests/satlib/sat/uf20-0594.cnf,true,25792,true,91,1208,248,16,"Torus(4, 4)",100,20
tests/satlib/sat/uf20-0351.cnf,true,10125,true,68,764,324,16,"Torus(4, 4)",100,20
tests/satlib/sat/uf20-0437.cnf,true,14958,true,76,733,483,16,"Torus(4, 4)",100,20
tests/satlib/sat/uf20-0423.cnf,true,10125,true,57,512,400,16,"Torus(4, 4)",100,20
tests/satlib/sat/uf20-0345.cnf,true,12375,true,66,852,204,16,"Torus(4, 4)",100,20
tests/satlib/sat/uf20-0379.cnf,true,10458,true,66,290,766,16,"Torus(4, 4)",100,20
tests/satlib/sat/uf20-0392.cnf,true,12833,true,52,562,270,16,"Torus(4, 4)",100,20
tests/satlib/sat/uf20-0386.cnf,true,34417,true,84,463,881,16,"Torus(4, 4)",100,20
tests/satlib/sat/uf20-0635.cnf,true,24791,true,59,317,627,16,"Torus(4, 4)",100,20
tests/satlib/sat/uf20-0153.cnf,true,6958,true,56,636,260,16,"Torus(4, 4)",100,20
tests/satlib/sat/uf20-0147.cnf,true,20666,true,113,1358,450,16,"Torus(4, 4)",100,20
tests/satlib/sat/uf20-0621.cnf,true,13917,true,55,409,471,16,"Torus(4, 4)",100,20
tests/satlib/sat/uf20-0609.cnf,true,8459,true,63,511,497,16,"Torus(4, 4)",100,20
tests/satlib/sat/uf20-030.cnf,true,12833,true,51,549,267,16,"Torus(4, 4)",100,20
tests/satlib/sat/uf20-0190.cnf,true,19416,true,53,622,226,16,"Torus(4, 4)",100,20
tests/satlib/sat/uf20-0184.cnf,true,5417,true,63,543,465,16,"Torus(4, 4)",100,20
tests/satlib/sat/uf20-024.cnf,true,7959,true,71,631,505,16,"Torus(4, 4)",100,20
tests/satlib/sat/uf20-0812.cnf,true,22750,true,78,480,768,16,"Torus(4, 4)",100,20
tests/satlib/sat/uf20-0806.cnf,true,8958,true,133,1465,663,16,"Torus(4, 4)",100,20
tests/satlib/sat/uf20-018.cnf,true,15209,true,70,882,238,16,"Torus(4, 4)",100,20
tests/satlib/sat/uf20-0807.cnf,true,15250,true,48,494,274,16,"Torus(4, 4)",100,20
tests/satlib/sat/uf20-019.cnf,true,9875,true,64,414,610,16,"Torus(4, 4)",100,20
tests/satlib/sat/uf20-0813.cnf,true,4875,true,51,557,259,16,"Torus(4, 4)",100,20
tests/satlib/sat/uf20-0185.cnf,true,12167,true,55,353,527,16,"Torus(4, 4)",100,20
tests/satlib/sat/uf20-025.cnf,true,19500,true,72,567,585,16,"Torus(4, 4)",100,20
tests/satlib/sat/uf20-031.cnf,true,18833,true,80,1020,260,16,"Torus(4, 4)",100,20
tests/satlib/sat/uf20-0191.cnf,true,12084,true,53,638,210,16,"Torus(4, 4)",100,20
tests/satlib/sat/uf20-0608.cnf,true,16333,true,83,1111,217,16,"Torus(4, 4)",100,20
tests/satlib/sat/uf20-0146.cnf,true,10500,true,55,587,293,16,"Torus(4, 4)",100,20
tests/satlib/sat/uf20-0620.cnf,true,5292,true,57,645,267,16,"Torus(4, 4)",100,20
tests/satlib/sat/uf20-0634.cnf,true,6459,true,54,603,261,16,"Torus(4, 4)",100,20
tests/satlib/sat/uf20-0152.cnf,true,7792,true,77,1014,218,16,"Torus(4, 4)",100,20
tests/satlib/sat/uf20-0387.cnf,true,13708,true,49,501,283,16,"Torus(4, 4)",100,20
tests/satlib/sat/uf20-0393.cnf,true,8792,true,64,784,240,16,"Torus(4, 4)",100,20
tests/satlib/sat/uf20-0378.cnf,true,5417,true,85,903,457,16,"Torus(4, 4)",100,20
tests/satlib/sat/uf20-0422.cnf,true,16958,true,65,515,525,16,"Torus(4, 4)",100,20
tests/satlib/sat/uf20-0344.cnf,true,24250,true,70,726,394,16,"Torus(4, 4)",100,20
tests/satlib/sat/uf20-0350.cnf,true,19875,true,82,445,867,16,"Torus(4, 4)",100,20
tests/satlib/sat/uf20-0436.cnf,true,8792,true,57,527,385,16,"Torus(4, 4)",100,20
tests/satlib/sat/uf20-0595.cnf,true,11042,true,59,455,489,16,"Torus(4, 4)",100,20
tests/satlib/sat/uf20-0581.cnf,true,10500,true,58,660,268,16,"Torus(4, 4)",100,20
tests/satlib/sat/uf20-0218.cnf,true,7167,true,55,715,165,16,"Torus(4, 4)",100,20
tests/satlib/sat/uf20-0556.cnf,true,10916,true,93,1202,286,16,"Torus(4, 4)",100,20
tests/satlib/sat/uf20-0230.cnf,true,8291,true,56,666,230,16,"Torus(4, 4)",100,20
tests/satlib/sat/uf20-0224.cnf,true,17583,true,91,922,534,16,"Torus(4, 4)",100,20
tests/satlib/sat/uf20-0542.cnf,true,24875,true,71,416,720,16,"Torus(4, 4)",100,20
tests/satlib/sat/uf20-0973.cnf,true,8458,true,65,694,346,16,"Torus(4, 4)",100,20
tests/satlib/sat/uf20-0967.cnf,true,23875,true,112,1525,267,16,"Torus(4, 4)",100,20
tests/satlib/sat/uf20-0797.cnf,true,21208,true,59,665,279,16,"Torus(4, 4)",100,20
tests/satlib/sat/uf20-0783.cnf,true,16458,true,75,800,400,16,"Torus(4, 4)",100,20
tests/satlib/sat/uf20-0768.cnf,true,10917,true,71,641,495,16,"Torus(4, 4)",100,20
tests/satlib/sat/uf20-0754.cnf,true,26917,true,69,685,419,16,"Torus(4, 4)",100,20
tests/satlib/sat/uf20-0998.cnf,true,9291,true,74,842,342,16,"Torus(4, 4)",100,20
tests/satlib/sat/uf20-0740.cnf,true,17166,true,60,291,669,16,"Torus(4, 4)",100,20
tests/satlib/sat/uf20-02.cnf,true,11833,true,59,765,179,16,"Torus(4, 4)",100,20
tests/satlib/sat/uf20-0727.cnf,true,10500,true,66,586,470,16,"Torus(4, 4)",100,20
tests/satlib/sat/uf20-0733.cnf,true,13750,true,67,658,414,16,"Torus(4, 4)",100,20
tests/satlib/sat/uf20-0900.cnf,true,8125,true,56,650,246,16,"Torus(4, 4)",100,20
tests/satlib/sat/uf20-0914.cnf,true,19208,true,142,2086,186,16,"Torus(4, 4)",100,20
tests/satlib/sat/uf20-0928.cnf,true,12292,true,75,909,291,16,"Torus(4, 4)",100,20
tests/satlib/sat/uf20-0519.cnf,true,11250,true,65,327,713,16,"Torus(4, 4)",100,20
tests/satlib/sat/uf20-0243.cnf,true,17125,true,52,491,341,16,"Torus(4, 4)",100,20
tests/satlib/sat/uf20-0525.cnf,true,6084,true,70,913,207,16,"Torus(4, 4)",100,20
tests/satlib/sat/uf20-0531.cnf,true,10083,true,57,483,429,16,"Torus(4, 4)",100,20
tests/satlib/sat/uf20-0257.cnf,true,23583,true,122,1702,250,16,"Torus(4, 4)",100,20
tests/satlib/sat/uf20-0280.cnf,true,17042,true,61,657,319,16,"Torus(4, 4)",100,20
tests/satlib/sat/uf20-0294.cnf,true,23583,true,67,795,277,16,"Torus(4, 4)",100,20
tests/satlib/sat/uf20-0479.cnf,true,15833,true,52,557,275,16,"Torus(4, 4)",100,20
tests/satlib/sat/uf20-0337.cnf,true,16334,true,63,791,217,16,"Torus(4, 4)",100,20
tests/satlib/sat/uf20-0451.cnf,true,11917,true,81,1069,227,16,"Torus(4, 4)",100,20
tests/satlib/sat/uf20-0445.cnf,true,5292,true,52,568,264,16,"Torus(4, 4)",100,20
tests/satlib/sat/uf20-0323.cnf,true,10792,true,63,419,589,16,"Torus(4, 4)",100,20
tests/satlib/sat/uf20-0492.cnf,true,9875,true,65,798,242,16,"Torus(4, 4)",100,20
tests/satlib/sat/uf20-0486.cnf,true,15958,true,77,989,243,16,"Torus(4, 4)",100,20
tests/satlib/sat/uf20-0109.cnf,true,25042,true,134,1920,224,16,"Torus(4, 4)",100,20
tests/satlib/sat/uf20-095.cnf,true,15000,true,80,785,495,16,"Torus(4, 4)",100,20
tests/satlib/sat/uf20-0653.cnf,true,10500,true,49,442,342,16,"Torus(4, 4)",100,20
tests/satlib/sat/uf20-0135.cnf,true,18084,true,90,1129,311,16,"Torus(4, 4)",100,20
tests/satlib/sat/uf20-0121.cnf,true,13167,true,70,573,547,16,"Torus(4, 4)",100,20
tests/satlib/sat/uf20-081.cnf,true,24375,true,54,598,266,16,"Torus(4, 4)",100,20
tests/satlib/sat/uf20-0647.cnf,true,24084,true,138,1968,240,16,"Torus(4, 4)",100,20
tests/satlib/sat/uf20-0874.cnf,true,13209,true,58,732,196,16,"Torus(4, 4)",100,20
tests/satlib/sat/uf20-0860.cnf,true,15417,true,53,618,230,16,"Torus(4, 4)",100,20
tests/satlib/sat/uf20-0690.cnf,true,12541,true,59,770,174,16,"Torus(4, 4)",100,20
tests/satlib/sat/uf20-056.cnf,true,5416,true,57,726,186,16,"Torus(4, 4)",100,20
tests/satlib/sat/uf20-0848.cnf,true,29959,true,144,1466,838,16,"Torus(4, 4)",100,20
tests/satlib/sat/uf20-0684.cnf,true,9917,true,56,577,319,16,"Torus(4, 4)",100,20
tests/satlib/sat/uf20-042.cnf,true,11375,true,78,1044,204,16,"Torus(4, 4)",100,20
tests/satlib/sat/uf20-043.cnf,true,25875,true,231,3310,386,16,"Torus(4, 4)",100,20
tests/satlib/sat/uf20-0685.cnf,true,12667,true,244,3730,174,16,"Torus(4, 4)",100,20
tests/satlib/sat/uf20-057.cnf,true,18875,true,61,634,342,16,"Torus(4, 4)",100,20
tests/satlib/sat/uf20-0849.cnf,true,23375,true,80,916,364,16,"Torus(4, 4)",100,20
tests/satlib/sat/uf20-0691.cnf,true,21916,true,190,2623,417,16,"Torus(4, 4)",100,20
tests/satlib/sat/uf20-0861.cnf,true,7917,true,51,565,251,16,"Torus(4, 4)",100,20
tests/satlib/sat/uf20-0875.cnf,true,6166,true,58,754,174,16,"Torus(4, 4)",100,20
tests/satlib/sat/uf20-0120.cnf,true,15292,true,54,258,606,16,"Torus(4, 4)",100,20
tests/satlib/sat/uf20-0646.cnf,true,20208,true,81,665,631,16,"Torus(4, 4)",100,20
tests/satlib/sat/uf20-080.cnf,true,19208,true,53,671,177,16,"Torus(4, 4)",100,20
tests/satlib/sat/uf20-0652.cnf,true,16333,true,82,717,595,16,"Torus(4, 4)",100,20
tests/satlib/sat/uf20-094.cnf,true,20000,true,79,257,1007,16,"Torus(4, 4)",100,20
tests/satlib/sat/uf20-0134.cnf,true,25916,true,50,451,349,16,"Torus(4, 4)",100,20
tests/satlib/sat/uf20-0108.cnf,true,21041,true,64,745,279,16,"Torus(4, 4)",100,20
tests/satlib/sat/uf20-0487.cnf,true,49083,true,58,677,251,16,"Torus(4, 4)",100,20
tests/satlib/sat/uf20-0493.cnf,true,18542,true,66,359,697,16,"Torus(4, 4)",100,20
tests/satlib/sat/uf20-0444.cnf,true,8625,true,53,449,399,16,"Torus(4, 4)",100,20
tests/satlib/sat/uf20-0322.cnf,true,8792,true,126,521,1495,16,"Torus(4, 4)",100,20
tests/satlib/sat/uf20-0336.cnf,true,24250,true,76,310,906,16,"Torus(4, 4)",100,20
tests/satlib/sat/uf20-0450.cnf,true,6417,true,63,675,333,16,"Torus(4, 4)",100,20
tests/satlib/sat/uf20-0478.cnf,true,20458,true,52,357,475,16,"Torus(4, 4)",100,20
tests/satlib/sat/uf20-0295.cnf,true,19708,true,74,705,479,16,"Torus(4, 4)",100,20
tests/satlib/sat/uf20-0281.cnf,true,12791,true,56,635,261,16,"Torus(4, 4)",100,20
tests/satlib/sat/uf20-0530.cnf,true,18666,true,63,319,689,16,"Torus(4, 4)",100,20
tests/satlib/sat/uf20-0256.cnf,true,6042,true,54,612,252,16,"Torus(4, 4)",100,20
tests/satlib/sat/uf20-0242.cnf,true,24000,true,56,631,265,16,"Torus(4, 4)",100,20
tests/satlib/sat/uf20-0524.cnf,true,14959,true,58,434,494,16,"Torus(4, 4)",100,20
tests/satlib/sat/uf20-0518.cnf,true,19250,true,61,469,507,16,"Torus(4, 4)",100,20
tests/satlib/sat/uf20-0929.cnf,true,18292,true,91,1287,169,16,"Torus(4, 4)",100,20
tests/satlib/sat/uf20-0915.cnf,true,6750,true,86,853,523,16,"Torus(4, 4)",100,20
tests/satlib/sat/uf20-0901.cnf,true,35333,true,102,1131,501,16,"Torus(4, 4)",100,20
tests/satlib/sat/uf20-0732.cnf,true,45583,true,55,556,324,16,"Torus(4, 4)",100,20
tests/satlib/sat/uf20-0726.cnf,true,6375,true,52,471,361,16,"Torus(4, 4)",100,20
tests/satlib/sat/uf20-03.cnf,true,18917,true,70,692,428,16,"Torus(4, 4)",100,20
tests/satlib/sat/uf20-01.cnf,true,15458,true,55,674,206,16,"Torus(4, 4)",100,20
tests/satlib/sat/uf20-0718.cnf,true,9625,true,59,690,254,16,"Torus(4, 4)",100,20
tests/satlib/sat/uf20-0730.cnf,true,15375,true,59,525,419,16,"Torus(4, 4)",100,20
tests/satlib/sat/uf20-0724.cnf,true,17042,true,58,628,300,16,"Torus(4, 4)",100,20
tests/satlib/sat/uf20-0917.cnf,true,17750,true,49,288,496,16,"Torus(4, 4)",100,20
tests/satlib/sat/uf20-0903.cnf,true,12375,true,112,1580,212,16,"Torus(4, 4)",100,20
tests/satlib/sat/uf20-0268.cnf,true,10125,true,69,904,200,16,"Torus(4, 4)",100,20
tests/satlib/sat/uf20-0254.cnf,true,8750,true,62,520,472,16,"Torus(4, 4)",100,20
tests/satlib/sat/uf20-0532.cnf,true,15375,true,71,576,560,16,"Torus(4, 4)",100,20
tests/satlib/sat/uf20-0526.cnf,true,36042,true,164,2421,203,16,"Torus(4, 4)",100,20
tests/satlib/sat/uf20-0240.cnf,true,20916,true,158,2275,253,16,"Torus(4, 4)",100,20
tests/satlib/sat/uf20-0297.cnf,true,17000,true,53,624,224,16,"Torus(4, 4)",100,20
tests/satlib/sat/uf20-0283.cnf,true,7958,true,54,656,208,16,"Torus(4, 4)",100,20
tests/satlib/sat/uf20-0308.cnf,true,18458,true,60,200,760,16,"Torus(4, 4)",100,20
tests/satlib/sat/uf20-0320.cnf,true,21208,true,59,702,242,16,"Torus(4, 4)",100,20
tests/satlib/sat/uf20-0446.cnf,true,6250,true,49,580,204,16,"Torus(4, 4)",100,20
tests/satlib/sat/uf20-0452.cnf,true,6625,true,83,995,333,16,"Torus(4, 4)",100,20
tests/satlib/sat/uf20-0334.cnf,true,17375,true,70,858,262,16,"Torus(4, 4)",100,20
tests/satlib/sat/uf20-0485.cnf,true,22834,true,52,514,318,16,"Torus(4, 4)",100,20
tests/satlib/sat/uf20-0491.cnf,true,26375,true,51,406,410,16,"Torus(4, 4)",100,20
tests/satlib/sat/uf20-0678.cnf,true,15375,true,79,758,506,16,"Torus(4, 4)",100,20
tests/satlib/sat/uf20-082.cnf,true,19667,true,56,622,274,16,"Torus(4, 4)",100,20
tests/satlib/sat/uf20-0644.cnf,true,7583,true,56,547,349,16,"Torus(4, 4)",100,20
tests/satlib/sat/uf20-0122.cnf,true,18375,true,64,545,479,16,"Torus(4, 4)",100,20
tests/satlib/sat/uf20-0136.cnf,true,22083,true,70,671,449,16,"Torus(4, 4)",100,20
tests/satlib/sat/uf20-096.cnf,true,20291,true,94,604,900,16,"Torus(4, 4)",100,20
tests/satlib/sat/uf20-0888.cnf,true,26583,true,58,753,175,16,"Torus(4, 4)",100,20
tests/satlib/sat/uf20-0650.cnf,true,17625,true,52,597,235,16,"Torus(4, 4)",100,20
tests/satlib/sat/uf20-0863.cnf,true,5958,true,55,292,588,16,"Torus(4, 4)",100,20
tests/satlib/sat/uf20-0877.cnf,true,24250,true,88,779,629,16,"Torus(4, 4)",100,20
tests/satlib/sat/uf20-069.cnf,true,11250,true,77,974,258,16,"Torus(4, 4)",100,20
tests/satlib/sat/uf20-0687.cnf,true,12625,true,71,996,140,16,"Torus(4, 4)",100,20
tests/satlib/sat/uf20-041.cnf,true,16458,true,100,1334,266,16,"Torus(4, 4)",100,20
tests/satlib/sat/uf20-0693.cnf,true,17417,true,78,1037,211,16,"Torus(4, 4)",100,20
tests/satlib/sat/uf20-055.cnf,true,17750,true,57,660,252,16,"Torus(4, 4)",100,20
tests/satlib/sat/uf20-054.cnf,true,8250,true,63,793,215,16,"Torus(4, 4)",100,20
tests/satlib/sat/uf20-0692.cnf,true,19458,true,58,482,446,16,"Torus(4, 4)",100,20
tests/satlib/sat/uf20-040.cnf,true,8542,true,69,494,610,16,"Torus(4, 4)",100,20
tests/satlib/sat/uf20-0686.cnf,true,8917,true,63,782,226,16,"Torus(4, 4)",100,20
tests/satlib/sat/uf20-0876.cnf,true,13167,true,50,485,315,16,"Torus(4, 4)",100,20
tests/satlib/sat/uf20-068.cnf,true,15833,true,62,705,287,16,"Torus(4, 4)",100,20
tests/satlib/sat/uf20-0862.cnf,true,17792,true,52,536,296,16,"Torus(4, 4)",100,20
tests/satlib/sat/uf20-0137.cnf,true,13000,true,53,587,261,16,"Torus(4, 4)",100,20
tests/satlib/sat/uf20-0651.cnf,true,30000,true,56,708,188,16,"Torus(4, 4)",100,20
tests/satlib/sat/uf20-097.cnf,true,25041,true,72,907,245,16,"Torus(4, 4)",100,20
tests/satlib/sat/uf20-0889.cnf,true,36042,true,60,673,287,16,"Torus(4, 4)",100,20
tests/satlib/sat/uf20-0645.cnf,true,14625,true,58,561,367,16,"Torus(4, 4)",100,20
tests/satlib/sat/uf20-083.cnf,true,21750,true,67,801,271,16,"Torus(4, 4)",100,20
tests/satlib/sat/uf20-0123.cnf,true,93583,true,69,821,283,16,"Torus(4, 4)",100,20
tests/satlib/sat/uf20-0679.cnf,true,30916,true,87,1117,275,16,"Torus(4, 4)",100,20
tests/satlib/sat/uf20-0490.cnf,true,21917,true,60,403,557,16,"Torus(4, 4)",100,20
tests/satlib/sat/uf20-0484.cnf,true,7334,true,67,870,202,16,"Torus(4, 4)",100,20
tests/satlib/sat/uf20-0453.cnf,true,33917,true,141,2003,253,16,"Torus(4, 4)",100,20
tests/satlib/sat/uf20-0335.cnf,true,13333,true,63,834,174,16,"Torus(4, 4)",100,20
tests/satlib/sat/uf20-0321.cnf,true,15875,true,52,525,307,16,"Torus(4, 4)",100,20
tests/satlib/sat/uf20-0447.cnf,true,13333,true,78,848,400,16,"Torus(4, 4)",100,20
tests/satlib/sat/uf20-0309.cnf,true,18083,true,49,579,205,16,"Torus(4, 4)",100,20
tests/satlib/sat/uf20-0282.cnf,true,13208,true,113,1495,313,16,"Torus(4, 4)",100,20
tests/satlib/sat/uf20-0296.cnf,true,14750,true,57,736,176,16,"Torus(4, 4)",100,20
tests/satlib/sat/uf20-0527.cnf,true,19625,true,93,1159,329,16,"Torus(4, 4)",100,20
tests/satlib/sat/uf20-0241.cnf,true,17542,true,63,397,611,16,"Torus(4, 4)",100,20
tests/satlib/sat/uf20-0255.cnf,true,19125,true,61,696,280,16,"Torus(4, 4)",100,20
tests/satlib/sat/uf20-0533.cnf,true,18416,true,66,860,196,16,"Torus(4, 4)",100,20
tests/satlib/sat/uf20-0269.cnf,true,13375,true,56,699,197,16,"Torus(4, 4)",100,20
tests/satlib/sat/uf20-0902.cnf,true,34959,true,82,1133,179,16,"Torus(4, 4)",100,20
tests/satlib/sat/uf20-0916.cnf,true,22792,true,53,338,510,16,"Torus(4, 4)",100,20
tests/satlib/sat/uf20-0725.cnf,true,24625,true,121,1707,229,16,"Torus(4, 4)",100,20
tests/satlib/sat/uf20-0731.cnf,true,12333,true,70,462,658,16,"Torus(4, 4)",100,20
tests/satlib/sat/uf20-0719.cnf,true,16625,true,63,741,267,16,"Torus(4, 4)",100,20
tests/satlib/sat/uf20-0735.cnf,true,23541,true,79,411,853,16,"Torus(4, 4)",100,20
tests/satlib/sat/uf20-0721.cnf,true,12541,true,55,449,431,16,"Torus(4, 4)",100,20
tests/satlib/sat/uf20-0709.cnf,true,17583,true,70,931,189,16,"Torus(4, 4)",100,20
tests/satlib/sat/uf20-04.cnf,true,20958,true,60,618,342,16,"Torus(4, 4)",100,20
tests/satlib/sat/uf20-0912.cnf,true,22750,true,70,900,220,16,"Torus(4, 4)",100,20
tests/satlib/sat/uf20-0906.cnf,true,16041,true,58,750,178,16,"Torus(4, 4)",100,20
tests/satlib/sat/uf20-0537.cnf,true,34333,true,54,554,310,16,"Torus(4, 4)",100,20
tests/satlib/sat/uf20-0251.cnf,true,20041,true,66,554,502,16,"Torus(4, 4)",100,20
tests/satlib/sat/uf20-0245.cnf,true,35500,true,66,723,333,16,"Torus(4, 4)",100,20
tests/satlib/sat/uf20-0523.cnf,true,17209,true,62,415,577,16,"Torus(4, 4)",100,20
tests/satlib/sat/uf20-0279.cnf,true,16167,true,63,712,296,16,"Torus(4, 4)",100,20
tests/satlib/sat/uf20-0292.cnf,true,6042,true,74,539,645,16,"Torus(4, 4)",100,20
tests/satlib/sat/uf20-0286.cnf,true,17209,true,92,652,820,16,"Torus(4, 4)",100,20
tests/satlib/sat/uf20-0443.cnf,true,13834,true,54,551,313,16,"Torus(4, 4)",100,20
tests/satlib/sat/uf20-0325.cnf,true,24583,true,101,1222,394,16,"Torus(4, 4)",100,20
tests/satlib/sat/uf20-0331.cnf,true,22167,true,64,792,232,16,"Torus(4, 4)",100,20
tests/satlib/sat/uf20-0457.cnf,true,7917,true,55,692,188,16,"Torus(4, 4)",100,20
tests/satlib/sat/uf20-0319.cnf,true,27125,true,61,458,518,16,"Torus(4, 4)",100,20
tests/satlib/sat/uf20-0480.cnf,true,13000,true,56,640,256,16,"Torus(4, 4)",100,20
tests/satlib/sat/uf20-0494.cnf,true,13292,true,64,698,326,16,"Torus(4, 4)",100,20
tests/satlib/sat/uf20-0127.cnf,true,17250,true,53,532,316,16,"Torus(4, 4)",100,20
tests/satlib/sat/uf20-087.cnf,true,13666,true,52,636,196,16,"Torus(4, 4)",100,20
tests/satlib/sat/uf20-0899.cnf,true,27083,true,84,1048,296,16,"Torus(4, 4)",100,20
tests/satlib/sat/uf20-0641.cnf,true,12000,true,66,840,216,16,"Torus(4, 4)",100,20
tests/satlib/sat/uf20-093.cnf,true,21583,true,64,735,289,16,"Torus(4, 4)",100,20
tests/satlib/sat/uf20-0655.cnf,true,15916,true,58,756,172,16,"Torus(4, 4)",100,20
tests/satlib/sat/uf20-0133.cnf,true,26458,true,63,788,220,16,"Torus(4, 4)",100,20
tests/satlib/sat/uf20-0669.cnf,true,44500,true,62,794,198,16,"Torus(4, 4)",100,20
tests/satlib/sat/uf20-0682.cnf,true,36417,true,46,363,373,16,"Torus(4, 4)",100,20
tests/satlib/sat/uf20-044.cnf,true,17500,true,69,806,298,16,"Torus(4, 4)",100,20
tests/satlib/sat/uf20-0696.cnf,true,21291,true,62,553,439,16,"Torus(4, 4)",100,20
tests/satlib/sat/uf20-050.cnf,true,16375,true,79,1101,163,16,"Torus(4, 4)",100,20
tests/satlib/sat/uf20-0866.cnf,true,62458,true,70,795,325,16,"Torus(4, 4)",100,20
tests/satlib/sat/uf20-078.cnf,true,21625,true,51,590,226,16,"Torus(4, 4)",100,20
tests/satlib/sat/uf20-0872.cnf,true,12125,true,54,687,177,16,"Torus(4, 4)",100,20
tests/satlib/sat/uf20-0873.cnf,true,49834,true,110,1510,250,16,"Torus(4, 4)",100,20
tests/satlib/sat/uf20-0867.cnf,true,15375,true,85,367,993,16,"Torus(4, 4)",100,20
tests/satlib/sat/uf20-079.cnf,true,19542,true,56,706,190,16,"Torus(4, 4)",100,20
tests/satlib/sat/uf20-051.cnf,true,14417,true,53,445,403,16,"Torus(4, 4)",100,20
tests/satlib/sat/uf20-0697.cnf,true,10917,true,51,636,180,16,"Torus(4, 4)",100,20
tests/satlib/sat/uf20-045.cnf,true,24250,true,63,717,291,16,"Torus(4, 4)",100,20
tests/satlib/sat/uf20-0683.cnf,true,16083,true,61,631,345,16,"Torus(4, 4)",100,20
tests/satlib/sat/uf20-0668.cnf,true,24959,true,61,410,566,16,"Torus(4, 4)",100,20
tests/satlib/sat/uf20-0654.cnf,true,19167,true,87,1218,174,16,"Torus(4, 4)",100,20
tests/satlib/sat/uf20-092.cnf,true,13125,true,149,1927,457,16,"Torus(4, 4)",100,20
tests/satlib/sat/uf20-0132.cnf,true,23667,true,125,1367,633,16,"Torus(4, 4)",100,20
tests/satlib/sat/uf20-0126.cnf,true,12583,true,80,1126,154,16,"Torus(4, 4)",100,20
tests/satlib/sat/uf20-0640.cnf,true,7250,true,66,610,446,16,"Torus(4, 4)",100,20
tests/satlib/sat/uf20-086.cnf,true,8958,true,63,806,202,16,"Torus(4, 4)",100,20
tests/satlib/sat/uf20-0898.cnf,true,9916,true,83,1019,309,16,"Torus(4, 4)",100,20
tests/satlib/sat/uf20-0495.cnf,true,31791,true,65,843,197,16,"Torus(4, 4)",100,20
tests/satlib/sat/uf20-0481.cnf,true,26459,true,72,836,316,16,"Torus(4, 4)",100,20
tests/satlib/sat/uf20-0318.cnf,true,27417,true,62,686,306,16,"Torus(4, 4)",100,20
tests/satlib/sat/uf20-0330.cnf,true,8041,true,74,980,204,16,"Torus(4, 4)",100,20
tests/satlib/sat/uf20-0456.cnf,true,15792,true,57,405,507,16,"Torus(4, 4)",100,20
tests/satlib/sat/uf20-0442.cnf,true,10750,true,50,506,294,16,"Torus(4, 4)",100,20
tests/satlib/sat/uf20-0324.cnf,true,17250,true,96,1277,259,16,"Torus(4, 4)",100,20
tests/satlib/sat/uf20-0287.cnf,true,14208,true,80,220,1060,16,"Torus(4, 4)",100,20
tests/satlib/sat/uf20-0293.cnf,true,15250,true,67,612,460,16,"Torus(4, 4)",100,20
tests/satlib/sat/uf20-0278.cnf,true,7958,true,54,380,484,16,"Torus(4, 4)",100,20
tests/satlib/sat/uf20-0244.cnf,true,12625,true,70,868,252,16,"Torus(4, 4)",100,20
tests/satlib/sat/uf20-0522.cnf,true,20500,true,53,483,365,16,"Torus(4, 4)",100,20
tests/satlib/sat/uf20-0536.cnf,true,24084,true,71,646,490,16,"Torus(4, 4)",100,20
tests/satlib/sat/uf20-0250.cnf,true,23000,true,63,716,292,16,"Torus(4, 4)",100,20
tests/satlib/sat/uf20-0907.cnf,true,11125,true,53,449,399,16,"Torus(4, 4)",100,20
tests/satlib/sat/uf20-0913.cnf,true,30042,true,70,845,275,16,"Torus(4, 4)",100,20
tests/satlib/sat/uf20-05.cnf,true,19875,true,71,432,704,16,"Torus(4, 4)",100,20
tests/satlib/sat/uf20-0708.cnf,true,50083,true,79,886,378,16,"Torus(4, 4)",100,20
tests/satlib/sat/uf20-0720.cnf,true,39916,true,63,677,331,16,"Torus(4, 4)",100,20
tests/satlib/sat/uf20-0734.cnf,true,21584,true,53,531,317,16,"Torus(4, 4)",100,20
tests/satlib/sat/uf20-0722.cnf,true,32792,true,50,342,458,16,"Torus(4, 4)",100,20
tests/satlib/sat/uf20-0736.cnf,true,51750,true,82,532,780,16,"Torus(4, 4)",100,20
tests/satlib/sat/uf20-07.cnf,true,17750,true,83,771,557,16,"Torus(4, 4)",100,20
tests/satlib/sat/uf20-0939.cnf,true,26625,true,59,368,576,16,"Torus(4, 4)",100,20
tests/satlib/sat/uf20-0905.cnf,true,17458,true,71,980,156,16,"Torus(4, 4)",100,20
tests/satlib/sat/uf20-0911.cnf,true,6958,true,68,724,364,16,"Torus(4, 4)",100,20
tests/satlib/sat/uf20-0520.cnf,true,19542,true,58,532,396,16,"Torus(4, 4)",100,20
tests/satlib/sat/uf20-0246.cnf,true,25291,true,48,398,370,16,"Torus(4, 4)",100,20
tests/satlib/sat/uf20-0252.cnf,true,12042,true,70,869,251,16,"Torus(4, 4)",100,20
tests/satlib/sat/uf20-0534.cnf,true,15333,true,80,1068,212,16,"Torus(4, 4)",100,20
tests/satlib/sat/uf20-0508.cnf,true,52958,true,50,421,379,16,"Torus(4, 4)",100,20
tests/satlib/sat/uf20-0285.cnf,true,20000,true,63,490,518,16,"Torus(4, 4)",100,20
tests/satlib/sat/uf20-0291.cnf,true,24292,true,64,433,591,16,"Torus(4, 4)",100,20
tests/satlib/sat/uf20-0454.cnf,true,23542,true,91,1269,187,16,"Torus(4, 4)",100,20
tests/satlib/sat/uf20-0332.cnf,true,23750,true,52,211,621,16,"Torus(4, 4)",100,20
tests/satlib/sat/uf20-0326.cnf,true,19625,true,56,646,250,16,"Torus(4, 4)",100,20
tests/satlib/sat/uf20-0440.cnf,true,26334,true,67,643,429,16,"Torus(4, 4)",100,20
tests/satlib/sat/uf20-0468.cnf,true,17833,true,69,657,447,16,"Torus(4, 4)",100,20
tests/satlib/sat/uf20-0497.cnf,true,9958,true,57,435,477,16,"Torus(4, 4)",100,20
tests/satlib/sat/uf20-0483.cnf,true,12167,true,54,633,231,16,"Torus(4, 4)",100,20
tests/satlib/sat/uf20-0130.cnf,true,28834,true,61,810,166,16,"Torus(4, 4)",100,20
tests/satlib/sat/uf20-090.cnf,true,7083,true,64,758,266,16,"Torus(4, 4)",100,20
tests/satlib/sat/uf20-0656.cnf,true,24709,true,63,708,300,16,"Torus(4, 4)",100,20
tests/satlib/sat/uf20-084.cnf,true,22500,true,62,668,324,16,"Torus(4, 4)",100,20
tests/satlib/sat/uf20-0642.cnf,true,12333,true,57,714,198,16,"Torus(4, 4)",100,20
tests/satlib/sat/uf20-0124.cnf,true,7209,true,59,608,336,16,"Torus(4, 4)",100,20
tests/satlib/sat/uf20-0118.cnf,true,22875,true,53,537,311,16,"Torus(4, 4)",100,20
tests/satlib/sat/uf20-0695.cnf,true,26125,true,72,299,853,16,"Torus(4, 4)",100,20
tests/satlib/sat/uf20-053.cnf,true,36000,true,76,1037,179,16,"Torus(4, 4)",100,20
tests/satlib/sat/uf20-0681.cnf,true,18125,true,55,517,363,16,"Torus(4, 4)",100,20
tests/satlib/sat/uf20-047.cnf,true,8875,true,82,1104,208,16,"Torus(4, 4)",100,20
tests/satlib/sat/uf20-0859.cnf,true,19083,true,67,872,200,16,"Torus(4, 4)",100,20
tests/satlib/sat/uf20-0871.cnf,true,19500,true,72,849,303,16,"Torus(4, 4)",100,20
tests/satlib/sat/uf20-0865.cnf,true,25916,true,55,411,469,16,"Torus(4, 4)",100,20
tests/satlib/sat/uf20-0864.cnf,true,18125,true,61,418,558,16,"Torus(4, 4)",100,20
tests/satlib/sat/uf20-0870.cnf,true,25084,true,51,640,176,16,"Torus(4, 4)",100,20
tests/satlib/sat/uf20-046.cnf,true,18833,true,48,453,315,16,"Torus(4, 4)",100,20
tests/satlib/sat/uf20-0858.cnf,true,25041,true,112,467,1325,16,"Torus(4, 4)",100,20
tests/satlib/sat/uf20-0680.cnf,true,11708,true,75,425,775,16,"Torus(4, 4)",100,20
tests/satlib/sat/uf20-052.cnf,true,10458,true,92,971,501,16,"Torus(4, 4)",100,20
tests/satlib/sat/uf20-0694.cnf,true,21292,true,74,764,420,16,"Torus(4, 4)",100,20
tests/satlib/sat/uf20-0119.cnf,true,28292,true,68,346,742,16,"Torus(4, 4)",100,20
tests/satlib/sat/uf20-0643.cnf,true,14792,true,58,384,544,16,"Torus(4, 4)",100,20
tests/satlib/sat/uf20-085.cnf,true,27834,true,65,393,647,16,"Torus(4, 4)",100,20
tests/satlib/sat/uf20-0125.cnf,true,19291,true,58,771,157,16,"Torus(4, 4)",100,20
tests/satlib/sat/uf20-0131.cnf,true,7875,true,50,627,173,16,"Torus(4, 4)",100,20
tests/satlib/sat/uf20-0657.cnf,true,10375,true,56,735,161,16,"Torus(4, 4)",100,20
tests/satlib/sat/uf20-091.cnf,true,12625,true,71,858,278,16,"Torus(4, 4)",100,20
tests/satlib/sat/uf20-0482.cnf,true,21959,true,59,676,268,16,"Torus(4, 4)",100,20
tests/satlib/sat/uf20-0496.cnf,true,15042,true,55,310,570,16,"Torus(4, 4)",100,20
tests/satlib/sat/uf20-0469.cnf,true,12458,true,69,703,401,16,"Torus(4, 4)",100,20
tests/satlib/sat/uf20-0327.cnf,true,20958,true,57,657,255,16,"Torus(4, 4)",100,20
tests/satlib/sat/uf20-0441.cnf,true,6167,true,63,843,165,16,"Torus(4, 4)",100,20
tests/satlib/sat/uf20-0455.cnf,true,22542,true,134,1756,388,16,"Torus(4, 4)",100,20
tests/satlib/sat/uf20-0333.cnf,true,21458,true,79,742,522,16,"Torus(4, 4)",100,20
tests/satlib/sat/uf20-0290.cnf,true,13667,true,79,1087,177,16,"Torus(4, 4)",100,20
tests/satlib/sat/uf20-0284.cnf,true,25834,true,67,436,636,16,"Torus(4, 4)",100,20
tests/satlib/sat/uf20-0509.cnf,true,22541,true,148,2182,186,16,"Torus(4, 4)",100,20
tests/satlib/sat/uf20-0253.cnf,true,21625,true,59,712,232,16,"Torus(4, 4)",100,20
tests/satlib/sat/uf20-0535.cnf,true,19292,true,56,662,234,16,"Torus(4, 4)",100,20
tests/satlib/sat/uf20-0521.cnf,true,28333,true,63,720,288,16,"Torus(4, 4)",100,20
tests/satlib/sat/uf20-0247.cnf,true,21875,true,75,1001,199,16,"Torus(4, 4)",100,20
tests/satlib/sat/uf20-0910.cnf,true,6500,true,62,710,282,16,"Torus(4, 4)",100,20
tests/satlib/sat/uf20-0904.cnf,true,20917,true,66,857,199,16,"Torus(4, 4)",100,20
tests/satlib/sat/uf20-0938.cnf,true,12625,true,68,850,238,16,"Torus(4, 4)",100,20
tests/satlib/sat/uf20-06.cnf,true,30500,true,86,813,563,16,"Torus(4, 4)",100,20
tests/satlib/sat/uf20-0737.cnf,true,24250,true,87,1063,329,16,"Torus(4, 4)",100,20
tests/satlib/sat/uf20-0723.cnf,true,27083,true,65,294,746,16,"Torus(4, 4)",100,20
tests/satlib/sat/uf20-0706.cnf,true,12750,true,53,632,216,16,"Torus(4, 4)",100,20
tests/satlib/sat/uf20-0712.cnf,true,21250,true,75,657,543,16,"Torus(4, 4)",100,20
tests/satlib/sat/uf20-0921.cnf,true,24083,true,91,1051,405,16,"Torus(4, 4)",100,20
tests/satlib/sat/uf20-0935.cnf,true,23792,true,58,722,206,16,"Torus(4, 4)",100,20
tests/satlib/sat/uf20-0909.cnf,true,29625,true,56,449,447,16,"Torus(4, 4)",100,20
tests/satlib/sat/uf20-0538.cnf,true,20042,true,75,781,419,16,"Torus(4, 4)",100,20
tests/satlib/sat/uf20-0262.cnf,true,18958,true,57,618,294,16,"Torus(4, 4)",100,20
tests/satlib/sat/uf20-0504.cnf,true,12000,true,67,619,453,16,"Torus(4, 4)",100,20
tests/satlib/sat/uf20-0510.cnf,true,19541,true,55,728,152,16,"Torus(4, 4)",100,20
tests/satlib/sat/uf20-0276.cnf,true,8666,true,53,530,318,16,"Torus(4, 4)",100,20
tests/satlib/sat/uf20-0289.cnf,true,28042,true,109,1533,211,16,"Torus(4, 4)",100,20
tests/satlib/sat/uf20-0458.cnf,true,35083,true,75,902,298,16,"Torus(4, 4)",100,20
tests/satlib/sat/uf20-0316.cnf,true,10209,true,63,737,271,16,"Torus(4, 4)",100,20
tests/satlib/sat/uf20-0470.cnf,true,8375,true,53,363,485,16,"Torus(4, 4)",100,20
tests/satlib/sat/uf20-0464.cnf,true,31000,true,73,578,590,16,"Torus(4, 4)",100,20
tests/satlib/sat/uf20-0302.cnf,true,7167,true,85,1060,300,16,"Torus(4, 4)",100,20
tests/satlib/sat/uf20-088.cnf,true,23875,true,56,551,345,16,"Torus(4, 4)",100,20
tests/satlib/sat/uf20-0896.cnf,true,7417,true,70,255,865,16,"Torus(4, 4)",100,20
tests/satlib/sat/uf20-0128.cnf,true,20375,true,63,399,609,16,"Torus(4, 4)",100,20
tests/satlib/sat/uf20-0882.cnf,true,12250,true,55,718,162,16,"Torus(4, 4)",100,20
tests/satlib/sat/uf20-0672.cnf,true,22875,true,74,835,349,16,"Torus(4, 4)",100,20
tests/satlib/sat/uf20-0114.cnf,true,7542,true,54,698,166,16,"Torus(4, 4)",100,20
tests/satlib/sat/uf20-0100.cnf,true,14000,true,78,958,290,16,"Torus(4, 4)",100,20
tests/satlib/sat/uf20-0666.cnf,true,18250,true,124,1611,373,16,"Torus(4, 4)",100,20
tests/satlib/sat/uf20-0855.cnf,true,10375,true,124,1748,236,16,"Torus(4, 4)",100,20
tests/satlib/sat/uf20-0699.cnf,true,6834,true,54,444,420,16,"Torus(4, 4)",100,20
tests/satlib/sat/uf20-0841.cnf,true,29417,true,108,1550,178,16,"Torus(4, 4)",100,20
tests/satlib/sat/uf20-0869.cnf,true,7291,true,63,834,174,16,"Torus(4, 4)",100,20
tests/satlib/sat/uf20-077.cnf,true,15166,true,52,411,421,16,"Torus(4, 4)",100,20
tests/satlib/sat/uf20-063.cnf,true,24750,true,71,718,418,16,"Torus(4, 4)",100,20
tests/satlib/sat/uf20-062.cnf,true,25583,true,51,315,501,16,"Torus(4, 4)",100,20
tests/satlib/sat/uf20-0868.cnf,true,13041,true,58,671,257,16,"Torus(4, 4)",100,20
tests/satlib/sat/uf20-076.cnf,true,13083,true,93,367,1121,16,"Torus(4, 4)",100,20
tests/satlib/sat/uf20-0840.cnf,true,21000,true,82,950,362,16,"Torus(4, 4)",100,20
tests/satlib/sat/uf20-0698.cnf,true,34250,true,120,1727,193,16,"Torus(4, 4)",100,20
tests/satlib/sat/uf20-0854.cnf,true,9125,true,63,524,484,16,"Torus(4, 4)",100,20
tests/satlib/sat/uf20-0101.cnf,true,33792,true,68,331,757,16,"Torus(4, 4)",100,20
tests/satlib/sat/uf20-0667.cnf,true,13750,true,58,782,146,16,"Torus(4, 4)",100,20
tests/satlib/sat/uf20-0673.cnf,true,8292,true,50,559,241,16,"Torus(4, 4)",100,20
tests/satlib/sat/uf20-0115.cnf,true,17292,true,54,618,246,16,"Torus(4, 4)",100,20
tests/satlib/sat/uf20-0883.cnf,true,8416,true,133,500,1628,16,"Torus(4, 4)",100,20
tests/satlib/sat/uf20-089.cnf,true,28042,true,62,773,219,16,"Torus(4, 4)",100,20
tests/satlib/sat/uf20-0897.cnf,true,10333,true,52,523,309,16,"Torus(4, 4)",100,20
tests/satlib/sat/uf20-0129.cnf,true,23458,true,70,874,246,16,"Torus(4, 4)",100,20
tests/satlib/sat/uf20-0465.cnf,true,31583,true,102,1468,164,16,"Torus(4, 4)",100,20
tests/satlib/sat/uf20-0303.cnf,true,26125,true,65,555,485,16,"Torus(4, 4)",100,20
tests/satlib/sat/uf20-0317.cnf,true,27667,true,63,646,362,16,"Torus(4, 4)",100,20
tests/satlib/sat/uf20-0471.cnf,true,25625,true,61,598,378,16,"Torus(4, 4)",100,20
tests/satlib/sat/uf20-0459.cnf,true,18375,true,57,684,228,16,"Torus(4, 4)",100,20
tests/satlib/sat/uf20-0288.cnf,true,8375,true,61,551,425,16,"Torus(4, 4)",100,20
tests/satlib/sat/uf20-0511.cnf,true,11625,true,64,270,754,16,"Torus(4, 4)",100,20
tests/satlib/sat/uf20-0277.cnf,true,37458,true,67,548,524,16,"Torus(4, 4)",100,20
tests/satlib/sat/uf20-0263.cnf,true,24542,true,86,1149,227,16,"Torus(4, 4)",100,20
tests/satlib/sat/uf20-0505.cnf,true,13084,true,59,619,325,16,"Torus(4, 4)",100,20
tests/satlib/sat/uf20-0539.cnf,true,21208,true,75,833,367,16,"Torus(4, 4)",100,20
tests/satlib/sat/uf20-0908.cnf,true,20750,true,119,1747,157,16,"Torus(4, 4)",100,20
tests/satlib/sat/uf20-0934.cnf,true,8000,true,59,738,206,16,"Torus(4, 4)",100,20
tests/satlib/sat/uf20-0920.cnf,true,13750,true,57,709,203,16,"Torus(4, 4)",100,20
tests/satlib/sat/uf20-0713.cnf,true,12333,true,54,693,171,16,"Torus(4, 4)",100,20
tests/satlib/sat/uf20-0707.cnf,true,22875,true,59,680,264,16,"Torus(4, 4)",100,20
tests/satlib/sat/uf20-0739.cnf,true,32542,true,98,1288,280,16,"Torus(4, 4)",100,20
tests/satlib/sat/uf20-0711.cnf,true,20208,true,60,312,648,16,"Torus(4, 4)",100,20
tests/satlib/sat/uf20-08.cnf,true,7500,true,53,340,508,16,"Torus(4, 4)",100,20
tests/satlib/sat/uf20-0705.cnf,true,15792,true,61,362,614,16,"Torus(4, 4)",100,20
tests/satlib/sat/uf20-0936.cnf,true,25625,true,75,473,727,16,"Torus(4, 4)",100,20
tests/satlib/sat/uf20-0922.cnf,true,16083,true,57,468,444,16,"Torus(4, 4)",100,20
tests/satlib/sat/uf20-01000.cnf,true,27875,true,84,408,936,16,"Torus(4, 4)",100,20
tests/satlib/sat/uf20-0249.cnf,true,19625,true,76,983,233,16,"Torus(4, 4)",100,20
tests/satlib/sat/uf20-0275.cnf,true,7458,true,48,565,203,16,"Torus(4, 4)",100,20
tests/satlib/sat/uf20-0513.cnf,true,21875,true,54,576,288,16,"Torus(4, 4)",100,20
tests/satlib/sat/uf20-0507.cnf,true,13125,true,55,444,436,16,"Torus(4, 4)",100,20
tests/satlib/sat/uf20-0261.cnf,true,15000,true,63,659,349,16,"Torus(4, 4)",100,20
tests/satlib/sat/uf20-0329.cnf,true,11666,true,71,785,351,16,"Torus(4, 4)",100,20
tests/satlib/sat/uf20-0301.cnf,true,17875,true,63,769,239,16,"Torus(4, 4)",100,20
tests/satlib/sat/uf20-0467.cnf,true,18792,true,66,726,330,16,"Torus(4, 4)",100,20
tests/satlib/sat/uf20-0473.cnf,true,21583,true,59,408,536,16,"Torus(4, 4)",100,20
tests/satlib/sat/uf20-0315.cnf,true,20208,true,65,434,606,16,"Torus(4, 4)",100,20
tests/satlib/sat/uf20-0498.cnf,true,27042,true,73,965,203,16,"Torus(4, 4)",100,20
tests/satlib/sat/uf20-0881.cnf,true,27959,true,147,2062,290,16,"Torus(4, 4)",100,20
tests/satlib/sat/uf20-0659.cnf,true,34292,true,56,680,216,16,"Torus(4, 4)",100,20
tests/satlib/sat/uf20-0895.cnf,true,24708,true,89,944,480,16,"Torus(4, 4)",100,20
tests/satlib/sat/uf20-0665.cnf,true,12666,true,55,428,452,16,"Torus(4, 4)",100,20
tests/satlib/sat/uf20-0103.cnf,true,9375,true,145,2137,183,16,"Torus(4, 4)",100,20
tests/satlib/sat/uf20-0117.cnf,true,15500,true,114,1513,311,16,"Torus(4, 4)",100,20
tests/satlib/sat/uf20-0671.cnf,true,8708,true,54,567,297,16,"Torus(4, 4)",100,20
tests/satlib/sat/uf20-0842.cnf,true,110625,true,64,808,216,16,"Torus(4, 4)",100,20
tests/satlib/sat/uf20-048.cnf,true,20375,true,65,902,138,16,"Torus(4, 4)",100,20
tests/satlib/sat/uf20-0856.cnf,true,6209,true,50,553,247,16,"Torus(4, 4)",100,20
tests/satlib/sat/uf20-060.cnf,true,26417,true,64,307,717,16,"Torus(4, 4)",100,20
tests/satlib/sat/uf20-074.cnf,true,32583,true,65,798,242,16,"Torus(4, 4)",100,20
tests/satlib/sat/uf20-075.cnf,true,23875,true,75,805,395,16,"Torus(4, 4)",100,20
tests/satlib/sat/uf20-061.cnf,true,28583,true,68,422,666,16,"Torus(4, 4)",100,20
tests/satlib/sat/uf20-049.cnf,true,8583,true,72,601,551,16,"Torus(4, 4)",100,20
tests/satlib/sat/uf20-0857.cnf,true,9375,true,77,887,345,16,"Torus(4, 4)",100,20
tests/satlib/sat/uf20-0843.cnf,true,13333,true,54,666,198,16,"Torus(4, 4)",100,20
tests/satlib/sat/uf20-0116.cnf,true,8958,true,61,366,610,16,"Torus(4, 4)",100,20
tests/satlib/sat/uf20-0670.cnf,true,9333,true,65,667,373,16,"Torus(4, 4)",100,20
tests/satlib/sat/uf20-0664.cnf,true,28458,true,75,562,638,16,"Torus(4, 4)",100,20
tests/satlib/sat/uf20-0102.cnf,true,42167,true,57,699,213,16,"Torus(4, 4)",100,20
tests/satlib/sat/uf20-0894.cnf,true,33417,true,94,1143,361,16,"Torus(4, 4)",100,20
tests/satlib/sat/uf20-0658.cnf,true,30667,true,97,1253,299,16,"Torus(4, 4)",100,20
tests/satlib/sat/uf20-0880.cnf,true,6583,true,58,680,248,16,"Torus(4, 4)",100,20
tests/satlib/sat/uf20-0499.cnf,true,11625,true,64,726,298,16,"Torus(4, 4)",100,20
tests/satlib/sat/uf20-0472.cnf,true,16375,true,68,664,424,16,"Torus(4, 4)",100,20
tests/satlib/sat/uf20-0314.cnf,true,13125,true,57,684,228,16,"Torus(4, 4)",100,20
tests/satlib/sat/uf20-0300.cnf,true,12125,true,60,493,467,16,"Torus(4, 4)",100,20
tests/satlib/sat/uf20-0466.cnf,true,11750,true,105,1491,189,16,"Torus(4, 4)",100,20
tests/satlib/sat/uf20-0328.cnf,true,9250,true,94,1212,292,16,"Torus(4, 4)",100,20
tests/satlib/sat/uf20-0506.cnf,true,15959,true,110,1559,201,16,"Torus(4, 4)",100,20
tests/satlib/sat/uf20-0260.cnf,true,25166,true,83,920,408,16,"Torus(4, 4)",100,20
tests/satlib/sat/uf20-0274.cnf,true,14459,true,67,822,250,16,"Torus(4, 4)",100,20
tests/satlib/sat/uf20-0512.cnf,true,12542,true,58,649,279,16,"Torus(4, 4)",100,20
tests/satlib/sat/uf20-0248.cnf,true,32334,true,89,866,558,16,"Torus(4, 4)",100,20
tests/satlib/sat/uf20-0923.cnf,true,11458,true,58,729,199,16,"Torus(4, 4)",100,20
tests/satlib/sat/uf20-0937.cnf,true,25292,true,65,693,347,16,"Torus(4, 4)",100,20
tests/satlib/sat/uf20-0704.cnf,true,14666,true,67,462,610,16,"Torus(4, 4)",100,20
tests/satlib/sat/uf20-09.cnf,true,12334,true,115,1630,210,16,"Torus(4, 4)",100,20
tests/satlib/sat/uf20-0710.cnf,true,10750,true,44,448,256,16,"Torus(4, 4)",100,20
tests/satlib/sat/uf20-0738.cnf,true,19833,true,52,495,337,16,"Torus(4, 4)",100,20
tests/satlib/sat/uf20-0714.cnf,true,15917,true,51,582,234,16,"Torus(4, 4)",100,20
tests/satlib/sat/uf20-0700.cnf,true,12125,true,62,691,301,16,"Torus(4, 4)",100,20
tests/satlib/sat/uf20-0728.cnf,true,30458,true,64,623,401,16,"Torus(4, 4)",100,20
tests/satlib/sat/uf20-0933.cnf,true,28000,true,62,790,202,16,"Torus(4, 4)",100,20
tests/satlib/sat/uf20-0927.cnf,true,15167,true,54,320,544,16,"Torus(4, 4)",100,20
tests/satlib/sat/uf20-0516.cnf,true,24458,true,68,788,300,16,"Torus(4, 4)",100,20
tests/satlib/sat/uf20-0270.cnf,true,211917,true,85,274,1086,16,"Torus(4, 4)",100,20
tests/satlib/sat/uf20-0264.cnf,true,37541,true,86,336,1040,16,"Torus(4, 4)",100,20
tests/satlib/sat/uf20-0502.cnf,true,48542,true,54,573,291,16,"Torus(4, 4)",100,20
tests/satlib/sat/uf20-0258.cnf,true,22458,true,55,665,215,16,"Torus(4, 4)",100,20
tests/satlib/sat/uf20-0462.cnf,true,18875,true,85,571,789,16,"Torus(4, 4)",100,20
tests/satlib/sat/uf20-0304.cnf,true,25416,true,67,530,542,16,"Torus(4, 4)",100,20
tests/satlib/sat/uf20-0310.cnf,true,25875,true,131,1944,152,16,"Torus(4, 4)",100,20
tests/satlib/sat/uf20-0476.cnf,true,21458,true,74,777,407,16,"Torus(4, 4)",100,20
tests/satlib/sat/uf20-0338.cnf,true,10875,true,74,960,224,16,"Torus(4, 4)",100,20
tests/satlib/sat/uf20-0489.cnf,true,27458,true,67,854,218,16,"Torus(4, 4)",100,20
tests/satlib/sat/uf20-0106.cnf,true,26000,true,97,998,554,16,"Torus(4, 4)",100,20
tests/satlib/sat/uf20-0660.cnf,true,25084,true,98,531,1037,16,"Torus(4, 4)",100,20
tests/satlib/sat/uf20-0674.cnf,true,16042,true,63,774,234,16,"Torus(4, 4)",100,20
tests/satlib/sat/uf20-0112.cnf,true,18000,true,57,481,431,16,"Torus(4, 4)",100,20
tests/satlib/sat/uf20-0884.cnf,true,23166,true,81,1125,171,16,"Torus(4, 4)",100,20
tests/satlib/sat/uf20-0890.cnf,true,30958,true,74,400,784,16,"Torus(4, 4)",100,20
tests/satlib/sat/uf20-0648.cnf,true,22667,true,59,679,265,16,"Torus(4, 4)",100,20
tests/satlib/sat/uf20-065.cnf,true,31750,true,57,590,322,16,"Torus(4, 4)",100,20
tests/satlib/sat/uf20-071.cnf,true,24708,true,65,748,292,16,"Torus(4, 4)",100,20
tests/satlib/sat/uf20-059.cnf,true,22083,true,64,299,725,16,"Torus(4, 4)",100,20
tests/satlib/sat/uf20-0847.cnf,true,10916,true,88,1208,200,16,"Torus(4, 4)",100,20
tests/satlib/sat/uf20-0853.cnf,true,46000,true,74,730,454,16,"Torus(4, 4)",100,20
tests/satlib/sat/uf20-0852.cnf,true,28167,true,62,332,660,16,"Torus(4, 4)",100,20
tests/satlib/sat/uf20-058.cnf,true,12334,true,48,566,202,16,"Torus(4, 4)",100,20
tests/satlib/sat/uf20-0846.cnf,true,19583,true,51,623,193,16,"Torus(4, 4)",100,20
tests/satlib/sat/uf20-070.cnf,true,15583,true,49,443,341,16,"Torus(4, 4)",100,20
tests/satlib/sat/uf20-064.cnf,true,30750,true,55,547,333,16,"Torus(4, 4)",100,20
tests/satlib/sat/uf20-0649.cnf,true,8084,true,55,632,248,16,"Torus(4, 4)",100,20
tests/satlib/sat/uf20-0891.cnf,true,8917,true,77,779,453,16,"Torus(4, 4)",100,20
tests/satlib/sat/uf20-0885.cnf,true,65500,true,62,795,197,16,"Torus(4, 4)",100,20
tests/satlib/sat/uf20-0675.cnf,true,34042,true,69,534,570,16,"Torus(4, 4)",100,20
tests/satlib/sat/uf20-0113.cnf,true,32834,true,70,665,455,16,"Torus(4, 4)",100,20
tests/satlib/sat/uf20-0107.cnf,true,23500,true,75,673,527,16,"Torus(4, 4)",100,20
tests/satlib/sat/uf20-0661.cnf,true,13334,true,67,280,792,16,"Torus(4, 4)",100,20
tests/satlib/sat/uf20-0488.cnf,true,24917,true,71,960,176,16,"Torus(4, 4)",100,20
tests/satlib/sat/uf20-0339.cnf,true,32625,true,96,1366,170,16,"Torus(4, 4)",100,20
tests/satlib/sat/uf20-0311.cnf,true,17542,true,57,661,251,16,"Torus(4, 4)",100,20
tests/satlib/sat/uf20-0477.cnf,true,22334,true,74,906,278,16,"Torus(4, 4)",100,20
tests/satlib/sat/uf20-0463.cnf,true,23709,true,94,339,1165,16,"Torus(4, 4)",100,20
tests/satlib/sat/uf20-0305.cnf,true,25708,true,57,678,234,16,"Torus(4, 4)",100,20
tests/satlib/sat/uf20-0259.cnf,true,31834,true,77,897,335,16,"Torus(4, 4)",100,20
tests/satlib/sat/uf20-0265.cnf,true,16333,true,65,578,462,16,"Torus(4, 4)",100,20
tests/satlib/sat/uf20-0503.cnf,true,15292,true,55,613,267,16,"Torus(4, 4)",100,20
tests/satlib/sat/uf20-0517.cnf,true,30791,true,101,624,992,16,"Torus(4, 4)",100,20
tests/satlib/sat/uf20-0271.cnf,true,9458,true,52,570,262,16,"Torus(4, 4)",100,20
tests/satlib/sat/uf20-0926.cnf,true,13791,true,68,434,654,16,"Torus(4, 4)",100,20
tests/satlib/sat/uf20-0932.cnf,true,37416,true,56,648,248,16,"Torus(4, 4)",100,20
tests/satlib/sat/uf20-0729.cnf,true,41917,true,79,884,380,16,"Torus(4, 4)",100,20
tests/satlib/sat/uf20-0701.cnf,true,126375,true,246,3396,540,16,"Torus(4, 4)",100,20
tests/satlib/sat/uf20-0715.cnf,true,56625,true,61,682,294,16,"Torus(4, 4)",100,20
tests/satlib/sat/uf20-0703.cnf,true,15791,true,47,539,213,16,"Torus(4, 4)",100,20
tests/satlib/sat/uf20-0717.cnf,true,41250,true,76,449,767,16,"Torus(4, 4)",100,20
tests/satlib/sat/uf20-0918.cnf,true,92625,true,67,785,287,16,"Torus(4, 4)",100,20
tests/satlib/sat/uf20-0924.cnf,true,39000,true,87,1137,255,16,"Torus(4, 4)",100,20
tests/satlib/sat/uf20-0930.cnf,true,20958,true,88,356,1052,16,"Torus(4, 4)",100,20
tests/satlib/sat/uf20-0501.cnf,true,32583,true,61,820,156,16,"Torus(4, 4)",100,20
tests/satlib/sat/uf20-0267.cnf,true,10125,true,57,645,267,16,"Torus(4, 4)",100,20
tests/satlib/sat/uf20-0273.cnf,true,12167,true,52,609,223,16,"Torus(4, 4)",100,20
tests/satlib/sat/uf20-0515.cnf,true,25250,true,51,483,333,16,"Torus(4, 4)",100,20
tests/satlib/sat/uf20-0529.cnf,true,30416,true,86,1191,185,16,"Torus(4, 4)",100,20
tests/satlib/sat/uf20-0298.cnf,true,22000,true,62,725,267,16,"Torus(4, 4)",100,20
tests/satlib/sat/uf20-0475.cnf,true,26375,true,69,252,852,16,"Torus(4, 4)",100,20
tests/satlib/sat/uf20-0313.cnf,true,27250,true,77,1096,136,16,"Torus(4, 4)",100,20
tests/satlib/sat/uf20-0307.cnf,true,49791,true,55,412,468,16,"Torus(4, 4)",100,20
tests/satlib/sat/uf20-0461.cnf,true,19459,true,74,392,792,16,"Torus(4, 4)",100,20
tests/satlib/sat/uf20-0449.cnf,true,25166,true,68,515,573,16,"Torus(4, 4)",100,20
tests/satlib/sat/uf20-0111.cnf,true,16334,true,102,1432,200,16,"Torus(4, 4)",100,20
tests/satlib/sat/uf20-0677.cnf,true,12333,true,56,417,479,16,"Torus(4, 4)",100,20
tests/satlib/sat/uf20-0663.cnf,true,30542,true,84,1009,335,16,"Torus(4, 4)",100,20
tests/satlib/sat/uf20-0105.cnf,true,30084,true,50,627,173,16,"Torus(4, 4)",100,20
tests/satlib/sat/uf20-0893.cnf,true,19750,true,70,879,241,16,"Torus(4, 4)",100,20
tests/satlib/sat/uf20-099.cnf,true,9791,true,53,396,452,16,"Torus(4, 4)",100,20
tests/satlib/sat/uf20-0887.cnf,true,23291,true,59,618,326,16,"Torus(4, 4)",100,20
tests/satlib/sat/uf20-0139.cnf,true,13833,true,55,702,178,16,"Torus(4, 4)",100,20
tests/satlib/sat/uf20-072.cnf,true,27083,true,73,455,713,16,"Torus(4, 4)",100,20
tests/satlib/sat/uf20-0878.cnf,true,17333,true,53,598,250,16,"Torus(4, 4)",100,20
tests/satlib/sat/uf20-066.cnf,true,46167,true,62,764,228,16,"Torus(4, 4)",100,20
tests/satlib/sat/uf20-0688.cnf,true,11208,true,76,877,339,16,"Torus(4, 4)",100,20
tests/satlib/sat/uf20-0850.cnf,true,76542,true,50,377,423,16,"Torus(4, 4)",100,20
tests/satlib/sat/uf20-0844.cnf,true,17958,true,60,500,460,16,"Torus(4, 4)",100,20
tests/satlib/sat/uf20-0845.cnf,true,24375,true,81,951,345,16,"Torus(4, 4)",100,20
tests/satlib/sat/uf20-0851.cnf,true,16917,true,63,452,556,16,"Torus(4, 4)",100,20
tests/satlib/sat/uf20-0689.cnf,true,14500,true,56,653,243,16,"Torus(4, 4)",100,20
tests/satlib/sat/uf20-0879.cnf,true,30500,true,57,484,428,16,"Torus(4, 4)",100,20
tests/satlib/sat/uf20-067.cnf,true,18709,true,72,917,235,16,"Torus(4, 4)",100,20
tests/satlib/sat/uf20-073.cnf,true,37083,true,94,1361,143,16,"Torus(4, 4)",100,20
tests/satlib/sat/uf20-098.cnf,true,25625,true,66,484,572,16,"Torus(4, 4)",100,20
tests/satlib/sat/uf20-0886.cnf,true,37625,true,56,643,253,16,"Torus(4, 4)",100,20
tests/satlib/sat/uf20-0138.cnf,true,22583,true,67,336,736,16,"Torus(4, 4)",100,20
tests/satlib/sat/uf20-0892.cnf,true,16208,true,82,1143,169,16,"Torus(4, 4)",100,20
tests/satlib/sat/uf20-0662.cnf,true,20209,true,55,634,246,16,"Torus(4, 4)",100,20
tests/satlib/sat/uf20-0104.cnf,true,25750,true,59,734,210,16,"Torus(4, 4)",100,20
tests/satlib/sat/uf20-0110.cnf,true,24500,true,51,499,317,16,"Torus(4, 4)",100,20
tests/satlib/sat/uf20-0676.cnf,true,11958,true,56,750,146,16,"Torus(4, 4)",100,20
tests/satlib/sat/uf20-0448.cnf,true,25041,true,80,650,630,16,"Torus(4, 4)",100,20
tests/satlib/sat/uf20-0306.cnf,true,14125,true,48,340,428,16,"Torus(4, 4)",100,20
tests/satlib/sat/uf20-0460.cnf,true,13500,true,60,501,459,16,"Torus(4, 4)",100,20
tests/satlib/sat/uf20-0474.cnf,true,14833,true,98,1086,482,16,"Torus(4, 4)",100,20
tests/satlib/sat/uf20-0312.cnf,true,9709,true,73,676,492,16,"Torus(4, 4)",100,20
tests/satlib/sat/uf20-0299.cnf,true,24042,true,51,343,473,16,"Torus(4, 4)",100,20
tests/satlib/sat/uf20-0528.cnf,true,24458,true,73,917,251,16,"Torus(4, 4)",100,20
tests/satlib/sat/uf20-0272.cnf,true,18666,true,56,290,606,16,"Torus(4, 4)",100,20
tests/satlib/sat/uf20-0514.cnf,true,15125,true,86,1040,336,16,"Torus(4, 4)",100,20
tests/satlib/sat/uf20-0500.cnf,true,19584,true,64,801,223,16,"Torus(4, 4)",100,20
tests/satlib/sat/uf20-0266.cnf,true,34125,true,63,409,599,16,"Torus(4, 4)",100,20
tests/satlib/sat/uf20-0931.cnf,true,17834,true,66,447,609,16,"Torus(4, 4)",100,20
tests/satlib/sat/uf20-0925.cnf,true,8000,true,61,790,186,16,"Torus(4, 4)",100,20
tests/satlib/sat/uf20-0919.cnf,true,16333,true,67,653,419,16,"Torus(4, 4)",100,20
tests/satlib/sat/uf20-0716.cnf,true,34583,true,68,756,332,16,"Torus(4, 4)",100,20
tests/satlib/sat/uf20-0702.cnf,true,14792,true,63,810,198,16,"Torus(4, 4)",100,20
tests/satlib/sat/uf20-0759.cnf,true,23292,true,51,274,542,16,"Torus(4, 4)",100,20
tests/satlib/sat/uf20-0981.cnf,true,12208,true,75,589,611,16,"Torus(4, 4)",100,20
tests/satlib/sat/uf20-0995.cnf,true,8125,true,72,903,249,16,"Torus(4, 4)",100,20
tests/satlib/sat/uf20-0765.cnf,true,14583,true,83,706,622,16,"Torus(4, 4)",100,20
tests/satlib/sat/uf20-0771.cnf,true,22667,true,74,1035,149,16,"Torus(4, 4)",100,20
tests/satlib/sat/uf20-0942.cnf,true,25166,true,54,533,331,16,"Torus(4, 4)",100,20
tests/satlib/sat/uf20-0956.cnf,true,18750,true,71,670,466,16,"Torus(4, 4)",100,20
tests/satlib/sat/uf20-0229.cnf,true,20917,true,62,726,266,16,"Torus(4, 4)",100,20
tests/satlib/sat/uf20-0567.cnf,true,9667,true,57,745,167,16,"Torus(4, 4)",100,20
tests/satlib/sat/uf20-0201.cnf,true,8125,true,55,584,296,16,"Torus(4, 4)",100,20
tests/satlib/sat/uf20-0215.cnf,true,13209,true,59,714,230,16,"Torus(4, 4)",100,20
tests/satlib/sat/uf20-0573.cnf,true,22959,true,67,418,654,16,"Torus(4, 4)",100,20
tests/satlib/sat/uf20-0598.cnf,true,22833,true,77,715,517,16,"Torus(4, 4)",100,20
tests/satlib/sat/uf20-0349.cnf,true,7833,true,61,676,300,16,"Torus(4, 4)",100,20
tests/satlib/sat/uf20-0413.cnf,true,32417,true,78,1074,174,16,"Torus(4, 4)",100,20
tests/satlib/sat/uf20-0375.cnf,true,30084,true,51,584,232,16,"Torus(4, 4)",100,20
tests/satlib/sat/uf20-0361.cnf,true,9959,true,60,672,288,16,"Torus(4, 4)",100,20
tests/satlib/sat/uf20-0407.cnf,true,18042,true,60,786,174,16,"Torus(4, 4)",100,20
tests/satlib/sat/uf20-0639.cnf,true,19417,true,64,302,722,16,"Torus(4, 4)",100,20
tests/satlib/sat/uf20-0177.cnf,true,19958,true,68,550,538,16,"Torus(4, 4)",100,20
tests/satlib/sat/uf20-0611.cnf,true,8917,true,58,520,408,16,"Torus(4, 4)",100,20
tests/satlib/sat/uf20-0605.cnf,true,14958,true,60,797,163,16,"Torus(4, 4)",100,20
tests/satlib/sat/uf20-0163.cnf,true,12292,true,55,660,220,16,"Torus(4, 4)",100,20
tests/satlib/sat/uf20-0188.cnf,true,120709,true,54,632,232,16,"Torus(4, 4)",100,20
tests/satlib/sat/uf20-028.cnf,true,29750,true,53,502,346,16,"Torus(4, 4)",100,20
tests/satlib/sat/uf20-0836.cnf,true,37458,true,92,1317,155,16,"Torus(4, 4)",100,20
tests/satlib/sat/uf20-0822.cnf,true,11708,true,55,563,317,16,"Torus(4, 4)",100,20
tests/satlib/sat/uf20-014.cnf,true,20625,true,60,459,501,16,"Torus(4, 4)",100,20
tests/satlib/sat/uf20-015.cnf,true,10625,true,61,714,262,16,"Torus(4, 4)",100,20
tests/satlib/sat/uf20-0823.cnf,true,16042,true,180,2383,497,16,"Torus(4, 4)",100,20
tests/satlib/sat/uf20-0189.cnf,true,13083,true,62,744,248,16,"Torus(4, 4)",100,20
tests/satlib/sat/uf20-029.cnf,true,12416,true,68,801,287,16,"Torus(4, 4)",100,20
tests/satlib/sat/uf20-0837.cnf,true,27000,true,71,832,304,16,"Torus(4, 4)",100,20
tests/satlib/sat/uf20-0604.cnf,true,13834,true,53,563,285,16,"Torus(4, 4)",100,20
tests/satlib/sat/uf20-0162.cnf,true,9875,true,50,514,286,16,"Torus(4, 4)",100,20
tests/satlib/sat/uf20-0176.cnf,true,16291,true,73,333,835,16,"Torus(4, 4)",100,20
tests/satlib/sat/uf20-0610.cnf,true,27958,true,72,509,643,16,"Torus(4, 4)",100,20
tests/satlib/sat/uf20-0638.cnf,true,12250,true,66,869,187,16,"Torus(4, 4)",100,20
tests/satlib/sat/uf20-0360.cnf,true,14583,true,54,554,310,16,"Torus(4, 4)",100,20
tests/satlib/sat/uf20-0406.cnf,true,22500,true,74,968,216,16,"Torus(4, 4)",100,20
tests/satlib/sat/uf20-0412.cnf,true,16334,true,61,253,723,16,"Torus(4, 4)",100,20
tests/satlib/sat/uf20-0374.cnf,true,32208,true,56,427,469,16,"Torus(4, 4)",100,20
tests/satlib/sat/uf20-0348.cnf,true,28417,true,61,444,532,16,"Torus(4, 4)",100,20
tests/satlib/sat/uf20-0599.cnf,true,46125,true,50,309,491,16,"Torus(4, 4)",100,20
tests/satlib/sat/uf20-0214.cnf,true,20625,true,65,734,306,16,"Torus(4, 4)",100,20
tests/satlib/sat/uf20-0572.cnf,true,12083,true,65,182,858,16,"Torus(4, 4)",100,20
tests/satlib/sat/uf20-0566.cnf,true,27792,true,54,485,379,16,"Torus(4, 4)",100,20
tests/satlib/sat/uf20-0200.cnf,true,18458,true,49,536,248,16,"Torus(4, 4)",100,20
tests/satlib/sat/uf20-0228.cnf,true,30625,true,73,1014,154,16,"Torus(4, 4)",100,20
tests/satlib/sat/uf20-0957.cnf,true,13875,true,71,705,431,16,"Torus(4, 4)",100,20
tests/satlib/sat/uf20-0943.cnf,true,7417,true,94,560,944,16,"Torus(4, 4)",100,20
tests/satlib/sat/uf20-0770.cnf,true,24334,true,55,510,370,16,"Torus(4, 4)",100,20
tests/satlib/sat/uf20-0764.cnf,true,23042,true,75,420,780,16,"Torus(4, 4)",100,20
tests/satlib/sat/uf20-0994.cnf,true,14833,true,61,451,525,16,"Torus(4, 4)",100,20
tests/satlib/sat/uf20-0980.cnf,true,30792,true,107,550,1162,16,"Torus(4, 4)",100,20
tests/satlib/sat/uf20-0758.cnf,true,18417,true,54,535,329,16,"Torus(4, 4)",100,20
tests/satlib/sat/uf20-0996.cnf,true,41583,true,57,586,326,16,"Torus(4, 4)",100,20
tests/satlib/sat/uf20-0982.cnf,true,32750,true,72,800,352,16,"Torus(4, 4)",100,20
tests/satlib/sat/uf20-0772.cnf,true,7625,true,53,669,179,16,"Torus(4, 4)",100,20
tests/satlib/sat/uf20-0766.cnf,true,26208,true,68,922,166,16,"Torus(4, 4)",100,20
tests/satlib/sat/uf20-0955.cnf,true,70792,true,59,622,322,16,"Torus(4, 4)",100,20
tests/satlib/sat/uf20-0941.cnf,true,18250,true,52,435,397,16,"Torus(4, 4)",100,20
tests/satlib/sat/uf20-0799.cnf,true,27833,true,63,297,711,16,"Torus(4, 4)",100,20
tests/satlib/sat/uf20-0969.cnf,true,17542,true,74,1016,168,16,"Torus(4, 4)",100,20
tests/satlib/sat/uf20-0558.cnf,true,7125,true,63,687,321,16,"Torus(4, 4)",100,20
tests/satlib/sat/uf20-0570.cnf,true,13833,true,59,742,202,16,"Torus(4, 4)",100,20
tests/satlib/sat/uf20-0216.cnf,true,25334,true,66,839,217,16,"Torus(4, 4)",100,20
tests/satlib/sat/uf20-0202.cnf,true,28167,true,64,804,220,16,"Torus(4, 4)",100,20
tests/satlib/sat/uf20-0564.cnf,true,19792,true,76,964,252,16,"Torus(4, 4)",100,20
tests/satlib/sat/uf20-0438.cnf,true,9833,true,65,626,414,16,"Torus(4, 4)",100,20
tests/satlib/sat/uf20-0404.cnf,true,25875,true,59,488,456,16,"Torus(4, 4)",100,20
tests/satlib/sat/uf20-0362.cnf,true,31291,true,63,337,671,16,"Torus(4, 4)",100,20
tests/satlib/sat/uf20-0376.cnf,true,13875,true,54,599,265,16,"Torus(4, 4)",100,20
tests/satlib/sat/uf20-0410.cnf,true,30583,true,137,1450,742,16,"Torus(4, 4)",100,20
tests/satlib/sat/uf20-0389.cnf,true,8959,true,66,786,270,16,"Torus(4, 4)",100,20
tests/satlib/sat/uf20-0148.cnf,true,20292,true,68,844,244,16,"Torus(4, 4)",100,20
tests/satlib/sat/uf20-0160.cnf,true,16625,true,75,946,254,16,"Torus(4, 4)",100,20
tests/satlib/sat/uf20-0606.cnf,true,23708,true,70,452,668,16,"Torus(4, 4)",100,20
tests/satlib/sat/uf20-0612.cnf,true,29916,true,62,428,564,16,"Torus(4, 4)",100,20
tests/satlib/sat/uf20-0174.cnf,true,35333,true,61,297,679,16,"Torus(4, 4)",100,20
tests/satlib/sat/uf20-0821.cnf,true,11625,true,52,669,163,16,"Torus(4, 4)",100,20
tests/satlib/sat/uf20-0835.cnf,true,10833,true,53,570,278,16,"Torus(4, 4)",100,20
tests/satlib/sat/uf20-0809.cnf,true,16208,true,56,441,455,16,"Torus(4, 4)",100,20
tests/satlib/sat/uf20-017.cnf,true,41250,true,68,721,367,16,"Torus(4, 4)",100,20
tests/satlib/sat/uf20-0808.cnf,true,33750,true,63,827,181,16,"Torus(4, 4)",100,20
tests/satlib/sat/uf20-016.cnf,true,15750,true,53,603,245,16,"Torus(4, 4)",100,20
tests/satlib/sat/uf20-0834.cnf,true,12542,true,50,409,391,16,"Torus(4, 4)",100,20
tests/satlib/sat/uf20-0820.cnf,true,9292,true,57,662,250,16,"Torus(4, 4)",100,20
tests/satlib/sat/uf20-0613.cnf,true,23000,true,55,443,437,16,"Torus(4, 4)",100,20
tests/satlib/sat/uf20-0175.cnf,true,28625,true,62,602,390,16,"Torus(4, 4)",100,20
tests/satlib/sat/uf20-0161.cnf,true,15209,true,118,1572,316,16,"Torus(4, 4)",100,20
tests/satlib/sat/uf20-0607.cnf,true,14917,true,135,1948,212,16,"Torus(4, 4)",100,20
tests/satlib/sat/uf20-0149.cnf,true,14042,true,56,627,269,16,"Torus(4, 4)",100,20
tests/satlib/sat/uf20-0388.cnf,true,37791,true,67,691,381,16,"Torus(4, 4)",100,20
tests/satlib/sat/uf20-0377.cnf,true,14208,true,58,530,398,16,"Torus(4, 4)",100,20
tests/satlib/sat/uf20-0411.cnf,true,28041,true,141,2031,225,16,"Torus(4, 4)",100,20
tests/satlib/sat/uf20-0405.cnf,true,16750,true,51,635,181,16,"Torus(4, 4)",100,20
tests/satlib/sat/uf20-0363.cnf,true,9833,true,62,804,188,16,"Torus(4, 4)",100,20
tests/satlib/sat/uf20-0439.cnf,true,15209,true,63,487,521,16,"Torus(4, 4)",100,20
tests/satlib/sat/uf20-0203.cnf,true,26042,true,63,729,279,16,"Torus(4, 4)",100,20
tests/satlib/sat/uf20-0565.cnf,true,21750,true,59,722,222,16,"Torus(4, 4)",100,20
tests/satlib/sat/uf20-0571.cnf,true,6708,true,63,641,367,16,"Torus(4, 4)",100,20
tests/satlib/sat/uf20-0217.cnf,true,23542,true,59,469,475,16,"Torus(4, 4)",100,20
tests/satlib/sat/uf20-0559.cnf,true,14958,true,53,483,365,16,"Torus(4, 4)",100,20
tests/satlib/sat/uf20-0968.cnf,true,20750,true,75,736,464,16,"Torus(4, 4)",100,20
tests/satlib/sat/uf20-0798.cnf,true,24375,true,65,836,204,16,"Torus(4, 4)",100,20
tests/satlib/sat/uf20-0940.cnf,true,13375,true,64,826,198,16,"Torus(4, 4)",100,20
tests/satlib/sat/uf20-0954.cnf,true,9334,true,102,313,1319,16,"Torus(4, 4)",100,20
tests/satlib/sat/uf20-0767.cnf,true,18083,true,54,706,158,16,"Torus(4, 4)",100,20
tests/satlib/sat/uf20-0773.cnf,true,18000,true,56,447,449,16,"Torus(4, 4)",100,20
tests/satlib/sat/uf20-0983.cnf,true,58459,true,87,726,666,16,"Torus(4, 4)",100,20
tests/satlib/sat/uf20-0997.cnf,true,17166,true,54,484,380,16,"Torus(4, 4)",100,20
tests/satlib/sat/uf20-0777.cnf,true,11167,true,69,880,224,16,"Torus(4, 4)",100,20
tests/satlib/sat/uf20-0763.cnf,true,20375,true,67,558,514,16,"Torus(4, 4)",100,20
tests/satlib/sat/uf20-0993.cnf,true,16916,true,56,293,603,16,"Torus(4, 4)",100,20
tests/satlib/sat/uf20-0987.cnf,true,9500,true,59,439,505,16,"Torus(4, 4)",100,20
tests/satlib/sat/uf20-0978.cnf,true,30834,true,120,1610,310,16,"Torus(4, 4)",100,20
tests/satlib/sat/uf20-0950.cnf,true,26667,true,66,493,563,16,"Torus(4, 4)",100,20
tests/satlib/sat/uf20-0788.cnf,true,34542,true,63,736,272,16,"Torus(4, 4)",100,20
tests/satlib/sat/uf20-0944.cnf,true,18417,true,63,737,271,16,"Torus(4, 4)",100,20
tests/satlib/sat/uf20-0213.cnf,true,21333,true,86,1150,226,16,"Torus(4, 4)",100,20
tests/satlib/sat/uf20-0575.cnf,true,27541,true,53,640,208,16,"Torus(4, 4)",100,20
tests/satlib/sat/uf20-0561.cnf,true,11375,true,92,1279,193,16,"Torus(4, 4)",100,20
tests/satlib/sat/uf20-0207.cnf,true,21833,true,57,476,436,16,"Torus(4, 4)",100,20
tests/satlib/sat/uf20-0549.cnf,true,15625,true,63,830,178,16,"Torus(4, 4)",100,20
tests/satlib/sat/uf20-0367.cnf,true,12666,true,66,583,473,16,"Torus(4, 4)",100,20
tests/satlib/sat/uf20-0401.cnf,true,11500,true,49,562,222,16,"Torus(4, 4)",100,20
tests/satlib/sat/uf20-0415.cnf,true,15584,true,56,301,595,16,"Torus(4, 4)",100,20
tests/satlib/sat/uf20-0373.cnf,true,6208,true,59,738,206,16,"Torus(4, 4)",100,20
tests/satlib/sat/uf20-0429.cnf,true,17875,true,58,366,562,16,"Torus(4, 4)",100,20
tests/satlib/sat/uf20-0398.cnf,true,10958,true,123,767,1201,16,"Torus(4, 4)",100,20
tests/satlib/sat/uf20-0603.cnf,true,6292,true,58,464,464,16,"Torus(4, 4)",100,20
tests/satlib/sat/uf20-0165.cnf,true,11167,true,57,416,496,16,"Torus(4, 4)",100,20
tests/satlib/sat/uf20-0171.cnf,true,14709,true,61,713,263,16,"Torus(4, 4)",100,20
tests/satlib/sat/uf20-0617.cnf,true,7666,true,63,550,458,16,"Torus(4, 4)",100,20
tests/satlib/sat/uf20-0159.cnf,true,18417,true,62,778,214,16,"Torus(4, 4)",100,20
tests/satlib/sat/uf20-0818.cnf,true,15458,true,75,610,590,16,"Torus(4, 4)",100,20
tests/satlib/sat/uf20-012.cnf,true,12875,true,52,628,204,16,"Torus(4, 4)",100,20
tests/satlib/sat/uf20-0824.cnf,true,23084,true,56,537,359,16,"Torus(4, 4)",100,20
tests/satlib/sat/uf20-0830.cnf,true,16750,true,67,295,777,16,"Torus(4, 4)",100,20
tests/satlib/sat/uf20-0831.cnf,true,14125,true,71,846,290,16,"Torus(4, 4)",100,20
tests/satlib/sat/uf20-0825.cnf,true,7750,true,93,974,514,16,"Torus(4, 4)",100,20
tests/satlib/sat/uf20-013.cnf,true,6792,true,82,1128,184,16,"Torus(4, 4)",100,20
tests/satlib/sat/uf20-0819.cnf,true,9708,true,62,621,371,16,"Torus(4, 4)",100,20
tests/satlib/sat/uf20-0158.cnf,true,9583,true,63,641,367,16,"Torus(4, 4)",100,20
tests/satlib/sat/uf20-0170.cnf,true,6750,true,56,130,766,16,"Torus(4, 4)",100,20
tests/satlib/sat/uf20-0616.cnf,true,10666,true,66,319,737,16,"Torus(4, 4)",100,20
tests/satlib/sat/uf20-0602.cnf,true,18792,true,70,869,251,16,"Torus(4, 4)",100,20
tests/satlib/sat/uf20-0164.cnf,true,5542,true,58,781,147,16,"Torus(4, 4)",100,20
tests/satlib/sat/uf20-0399.cnf,true,10333,true,85,359,1001,16,"Torus(4, 4)",100,20
tests/satlib/sat/uf20-0428.cnf,true,24125,true,74,992,192,16,"Torus(4, 4)",100,20
tests/satlib/sat/uf20-0414.cnf,true,27166,true,79,837,427,16,"Torus(4, 4)",100,20
tests/satlib/sat/uf20-0372.cnf,true,8208,true,60,748,212,16,"Torus(4, 4)",100,20
tests/satlib/sat/uf20-0366.cnf,true,15208,true,55,220,660,16,"Torus(4, 4)",100,20
tests/satlib/sat/uf20-0400.cnf,true,7083,true,54,227,637,16,"Torus(4, 4)",100,20
tests/satlib/sat/uf20-0548.cnf,true,11125,true,61,545,431,16,"Torus(4, 4)",100,20
tests/satlib/sat/uf20-0560.cnf,true,18625,true,70,321,799,16,"Torus(4, 4)",100,20
tests/satlib/sat/uf20-0206.cnf,true,6417,true,57,361,551,16,"Torus(4, 4)",100,20
tests/satlib/sat/uf20-0212.cnf,true,11209,true,53,485,363,16,"Torus(4, 4)",100,20
tests/satlib/sat/uf20-0574.cnf,true,12167,true,72,299,853,16,"Torus(4, 4)",100,20
tests/satlib/sat/uf20-0945.cnf,true,11542,true,64,671,353,16,"Torus(4, 4)",100,20
tests/satlib/sat/uf20-0789.cnf,true,21125,true,74,416,768,16,"Torus(4, 4)",100,20
tests/satlib/sat/uf20-0951.cnf,true,8875,true,53,631,217,16,"Torus(4, 4)",100,20
tests/satlib/sat/uf20-0979.cnf,true,19666,true,76,534,682,16,"Torus(4, 4)",100,20
tests/satlib/sat/uf20-0986.cnf,true,10250,true,53,684,164,16,"Torus(4, 4)",100,20
tests/satlib/sat/uf20-0992.cnf,true,14458,true,51,568,248,16,"Torus(4, 4)",100,20
tests/satlib/sat/uf20-0762.cnf,true,16917,true,306,4745,151,16,"Torus(4, 4)",100,20
tests/satlib/sat/uf20-0776.cnf,true,11000,true,52,426,406,16,"Torus(4, 4)",100,20
tests/satlib/sat/uf20-0760.cnf,true,13959,true,73,781,387,16,"Torus(4, 4)",100,20
tests/satlib/sat/uf20-0774.cnf,true,37916,true,61,686,290,16,"Torus(4, 4)",100,20
tests/satlib/sat/uf20-0984.cnf,true,19042,true,70,919,201,16,"Torus(4, 4)",100,20
tests/satlib/sat/uf20-0748.cnf,true,9250,true,54,661,203,16,"Torus(4, 4)",100,20
tests/satlib/sat/uf20-0990.cnf,true,22375,true,85,1137,223,16,"Torus(4, 4)",100,20
tests/satlib/sat/uf20-0947.cnf,true,8833,true,46,331,405,16,"Torus(4, 4)",100,20
tests/satlib/sat/uf20-0953.cnf,true,25458,true,64,818,206,16,"Torus(4, 4)",100,20
tests/satlib/sat/uf20-0204.cnf,true,14667,true,83,1004,324,16,"Torus(4, 4)",100,20
tests/satlib/sat/uf20-0562.cnf,true,15292,true,92,741,731,16,"Torus(4, 4)",100,20
tests/satlib/sat/uf20-0576.cnf,true,25625,true,54,483,381,16,"Torus(4, 4)",100,20
tests/satlib/sat/uf20-0210.cnf,true,7125,true,49,542,242,16,"Torus(4, 4)",100,20
tests/satlib/sat/uf20-0238.cnf,true,28792,true,53,281,567,16,"Torus(4, 4)",100,20
tests/satlib/sat/uf20-0589.cnf,true,19791,true,57,661,251,16,"Torus(4, 4)",100,20
tests/satlib/sat/uf20-0370.cnf,true,17458,true,62,482,510,16,"Torus(4, 4)",100,20
tests/satlib/sat/uf20-0416.cnf,true,23000,true,62,474,518,16,"Torus(4, 4)",100,20
tests/satlib/sat/uf20-0402.cnf,true,19625,true,94,967,537,16,"Torus(4, 4)",100,20
tests/satlib/sat/uf20-0364.cnf,true,19208,true,69,419,685,16,"Torus(4, 4)",100,20
tests/satlib/sat/uf20-0358.cnf,true,28750,true,68,834,254,16,"Torus(4, 4)",100,20
tests/satlib/sat/uf20-0614.cnf,true,22833,true,88,515,893,16,"Torus(4, 4)",100,20
tests/satlib/sat/uf20-0172.cnf,true,21958,true,87,1085,307,16,"Torus(4, 4)",100,20
tests/satlib/sat/uf20-0166.cnf,true,31917,true,77,978,254,16,"Torus(4, 4)",100,20
tests/satlib/sat/uf20-0600.cnf,true,18375,true,57,466,446,16,"Torus(4, 4)",100,20
tests/satlib/sat/uf20-0628.cnf,true,7125,true,66,527,529,16,"Torus(4, 4)",100,20
tests/satlib/sat/uf20-011.cnf,true,8958,true,53,497,351,16,"Torus(4, 4)",100,20
tests/satlib/sat/uf20-0833.cnf,true,9083,true,102,1340,292,16,"Torus(4, 4)",100,20
tests/satlib/sat/uf20-0199.cnf,true,13916,true,83,1036,292,16,"Torus(4, 4)",100,20
tests/satlib/sat/uf20-039.cnf,true,14291,true,131,1302,794,16,"Torus(4, 4)",100,20
tests/satlib/sat/uf20-0827.cnf,true,21667,true,67,315,757,16,"Torus(4, 4)",100,20
tests/satlib/sat/uf20-0198.cnf,true,20583,true,58,346,582,16,"Torus(4, 4)",100,20
tests/satlib/sat/uf20-038.cnf,true,8500,true,51,587,229,16,"Torus(4, 4)",100,20
tests/satlib/sat/uf20-0826.cnf,true,38833,true,71,960,176,16,"Torus(4, 4)",100,20
tests/satlib/sat/uf20-0832.cnf,true,9584,true,94,1359,145,16,"Torus(4, 4)",100,20
tests/satlib/sat/uf20-010.cnf,true,15667,true,86,1134,242,16,"Torus(4, 4)",100,20
tests/satlib/sat/uf20-0629.cnf,true,20833,true,146,2120,216,16,"Torus(4, 4)",100,20
tests/satlib/sat/uf20-0167.cnf,true,6959,true,58,384,544,16,"Torus(4, 4)",100,20
tests/satlib/sat/uf20-0601.cnf,true,20666,true,86,1028,348,16,"Torus(4, 4)",100,20
tests/satlib/sat/uf20-0615.cnf,true,9292,true,55,267,613,16,"Torus(4, 4)",100,20
tests/satlib/sat/uf20-0173.cnf,true,10417,true,62,636,356,16,"Torus(4, 4)",100,20
tests/satlib/sat/uf20-0359.cnf,true,17875,true,51,479,337,16,"Torus(4, 4)",100,20
tests/satlib/sat/uf20-0403.cnf,true,17417,true,52,457,375,16,"Torus(4, 4)",100,20
tests/satlib/sat/uf20-0365.cnf,true,12166,true,55,636,244,16,"Torus(4, 4)",100,20
tests/satlib/sat/uf20-0371.cnf,true,32334,true,89,501,923,16,"Torus(4, 4)",100,20
tests/satlib/sat/uf20-0417.cnf,true,9042,true,57,719,193,16,"Torus(4, 4)",100,20
tests/satlib/sat/uf20-0588.cnf,true,9792,true,55,515,365,16,"Torus(4, 4)",100,20
tests/satlib/sat/uf20-0239.cnf,true,7125,true,53,538,310,16,"Torus(4, 4)",100,20
tests/satlib/sat/uf20-0577.cnf,true,11667,true,50,537,263,16,"Torus(4, 4)",100,20
tests/satlib/sat/uf20-0211.cnf,true,14416,true,64,820,204,16,"Torus(4, 4)",100,20
tests/satlib/sat/uf20-0205.cnf,true,13958,true,60,460,500,16,"Torus(4, 4)",100,20
tests/satlib/sat/uf20-0563.cnf,true,21000,true,58,718,210,16,"Torus(4, 4)",100,20
tests/satlib/sat/uf20-0952.cnf,true,23083,true,64,703,321,16,"Torus(4, 4)",100,20
tests/satlib/sat/uf20-0946.cnf,true,20250,true,56,523,373,16,"Torus(4, 4)",100,20
tests/satlib/sat/uf20-0991.cnf,true,9417,true,53,634,214,16,"Torus(4, 4)",100,20
tests/satlib/sat/uf20-0749.cnf,true,22583,true,57,527,385,16,"Torus(4, 4)",100,20
tests/satlib/sat/uf20-0985.cnf,true,22000,true,138,1972,236,16,"Torus(4, 4)",100,20
tests/satlib/sat/uf20-0775.cnf,true,24292,true,98,1073,495,16,"Torus(4, 4)",100,20
tests/satlib/sat/uf20-0761.cnf,true,17292,true,64,783,241,16,"Torus(4, 4)",100,20
